Company,Cluster
A & L Plumbing,7
A & M Fencing,10
A + D Computers,5
A 4 Bandas Media,8
A Basket For Every Occasion,10
A Beautiful Site,4
A Boat Time,10
A Better Opinion,3
A Bit Lucky,2
A Cheap Body Shop,10
A Cleaner Internet,10
A D Shaw Joinery Contracts Ltd,10
A Good Movie to Watch,10
A Johnny's Carpet Surgeon's,10
A LITTLE WORLD,10
A Liga Gay,3
A Logo Co,12
A Music,10
A New Leaf Painting,10
A New Take,12
A Plumber Now,10
A Plus Carts & Parts,10
A Plus Pest Control,10
A Plus Roofing,10
A Reliable Bookkeeping Service,7
A Right Place for Seniors,10
A Safe Place For Nana,10
A Smarter City,10
A Song 2u,10
A Tailored Suit,10
A Touch of Magic with Steffan Soule,11
A Unique Presentation,10
A V Loan Service,7
A V Weldtech,10
A Womans Place of Fort Collins,7
A Young Mans Guide to Life,10
A la Mobile,8
A la carte express,10
A taste of the town,10
A to Z Learning,17
A&A Mold and Allergy Investigations,10
A&M Entertainment,10
A&S Construction Services,10
A's Child,0
A+ Movers,10
A+ Ventures,3
A- Dental Center,10
"A-1 CLEANING SERVICE,",13
A-1 Little John,10
A-1 Sewer & Drain Plumbing & Heating,10
A-AAA Houston Storage,5
A-COM Solutions,5
A-Fontane Company,10
A-GAIN,10
A-K Management,7
"A-Line Designs, LLC",12
A-One Biz Solutions,10
A-Z Computer Liquidators,7
A-Z Homecare Options,10
A1 Corporation,10
A1 Locksmith Indianapolis,10
A1 Locksmith Mayfield Heights,10
A1 Locksmith Painesville OH,10
A1 Locksmith in Avon,10
A1 Locksmith in North Oimsted,10
A1 Locksmith in Strongsville,10
A1 My Brass Components,10
A1 Security Cameras,5
A1 Software Group,9
A1 Technologies,10
A1 Webdesigner,12
A1-4 Electronics,10
A10 Networks,4
A1A Atlantic Moving & Storage Co,7
A1brandz,7
A1leathergift,10
A2 Global Shipping,10
A2 Hosting,10
A2 ltd,5
A2A Optima,14
A2B Office Technology,10
A2B Removals Group,10
A2B Tracking Solutions,7
A2IM (American Association of Independent Music),10
A2O Mobile,10
A2Z Security Cameras,5
A2Z SourceTech,7
A2e Technologies,12
A2z Wedding Cards,10
A2zdesignwork,12
A3Logics India Limited,7
A4 Creations,10
A4C,10
A4D,10
A8 Digital Music,10
A9,10
AA Car Transport LLC,10
AA Design NYC LLC,12
AA Foreign Auto Parts Online,10
AAA Electronics,7
AAA Opzioni Binarie,10
AAA Yellow Taxi,7
AAACBC,7
AAAWebStore,10
AAF Consulting Group,7
AAJO,8
AAMPP,10
AAS Technology,10
AAfter Corporation,1
AAyuja,7
AB Computing Systems,7
AB Links,0
AB Globaltech,4
AB Internet,10
AB Newswire,3
AB Tasty,3
AB Tech Solution,12
ABBA Towing & Roadside Service,7
ABBYY,0
ABBYY Business Card Reader,7
ABBYY Language Services,7
ABC Auto Glass,10
ABC Cleans,13
ABC Computers,7
ABC Favors,10
ABC Hearing Aids,7
ABC Live,19
ABC Quant,10
ABC Rentals Inc,10
ABC Roofing,10
ABC Services,7
ABC Signup,17
ABC Spectrum Preschool,10
ABC eCommerce,10
ABCO TECHNOLOGY,17
ABCi Interactive,19
ABIBA Systems,0
ABItronix,0
ABLAR,8
ABN Energy - New York ESCO,10
ABODO,10
ABPathfinder,10
ABR Electric,10
ABSOLU TELECOM,10
ABSOLUTELY AUDREY,10
ABTO Software,4
ABX Hosting,10
ABi Credit Pte Ltd,10
AC Filters 4 Less,10
AC General Contractors,10
AC Lens,10
AC Lion,15
AC Montreal,10
AC Roofing Services,7
AC Service Waxahachie,7
AC Ticket Guys,10
AC Tickets,10
AC by J,7
ACA Partners,7
ACAP Software Development,8
ACB2B,7
ACC Tourism Group,3
ACCESS DESIRES,12
ACCESS STB Labs,19
ACCORD5,12
ACCORPA,10
ACD DIRECT,7
ACE Dental Software,10
ACE Friends Park,10
ACE Portal,5
ACG,14
ACG Infotech,10
ACGI Software,4
ACH Direct,7
ACHICA,10
ACI Adjustment Group,10
ACI Worldwide,10
"ACJ Remodeling, Inc",7
ACKWebdesigns,10
ACL,10
ACLASS,10
ACM Tech,10
ACMA Tech,8
ACME Enterprises,10
ACOMER,18
"ACORN Research, LLC",0
ACP Marketing Private Limited,10
ACS Air Conditioning,7
ACS Connect,10
ACT (Applied Card Technologies),10
ACT Biotech,10
ACT Bridge,10
ACT Conferencing,10
ACT Media,12
ACT Support,10
ACTIVENOW,10
ACW,14
ACsportwear,10
AD Cleaning South Houston,13
AD-Vic Marketing,7
AD-Village,15
AD3energy,12
ADAMS,17
ADCentricity,14
ADDM&G,10
ADDNAG SOLUTIONS,7
ADEDistribution,10
ADEL Solutions,7
ADG Promotional Products,7
ADH Labs,10
ADL Partner,14
ADM Glass,10
ADMETA,19
ADP Advanced MD,10
ADPS - Automated Dynamic Pricing System,10
"ADPi, Corp",7
ADSMOD,15
ADSOVO,19
ADTECH,15
ADTELLIGENCE,0
ADVANSES,4
ADVENTOS,7
ADVGULF,10
ADVIDS,10
ADVIZE,3
ADVOX,2
ADX Technologies,7
ADabisc,10
ADispell,10
ADman Media,10
ADmantX,15
ADshark,10
ADstruc,19
AE Jobs,10
AEC  Abroad Education Consultants,17
AEGON,14
AEL Data,0
AERTFoundation,7
AES Technologies,4
AF83,10
AFAM Capital,10
AFAR,10
AFFINA,10
AFK Labs,0
AFTERSHOCK PC,2
AG Knowledgetech,7
AGEA JINRONG,10
AGGA AGENCY,10
AGGARWAL WEB SOLUTION,1
AGGL,17
AGHATECH,12
AGILE customer insight,0
AGILINT,7
AGLOGIC,4
AGM Engine,1
AGM Hobby,10
AGRION,10
AGROAM,10
Vertex Web Solutions,4
AHG,4
AHHHA,10
AHOYZ Mobile Marketing,6
AHS PharmStat,7
AI Patents,10
AI United Insurance,10
AIA,10
AIA Insurance New Zealand,10
AIHT Education,17
AIKO Biotechnology,10
AIKON Group,10
AIL CarbonTicker,10
AIM Affordable Intelligent Marketing,14
AIMS Innovation,10
AIO CHAT!,10
AIO Robotics,10
AIP UniPHY,3
AIRTAME,10
AIS Network,7
AIT Analyzers,10
AIT Partnership Group,0
AIT Wordpress Themes,12
AITOC,10
AIUnited Insurance,10
AJ Consulting,10
"AJ Printing & Graphics, Inc",10
AJ Square,12
AJ Williams Solution,7
AJAX Street,12
AJKTours,10
AJR & Partners,14
AJS Labels,10
AJS Profiles,3
AK Management,7
AKAL,7
AKAMON ENTERTAINMENT,2
AKASA,10
AKASDOCTOR,10
AKFamilies,10
AKIN,10
AKIO,7
AKIROGA,3
AKKA Octogon Technology,10
AKM,4
AKM Sites,14
AKM3,1
AKS Interactive,12
AKS WebSoft Consulting,1
AKTING,7
AKUDA LABS,0
AL D Landscaping and tree service,7
AL Systems,10
ALBEDO Telecom,10
ALCO COLLECTIONS,7
ALCUS International,7
ALENTY,15
ALEXANDALEXA,10
ALFA Promotions,11
ALICE,7
ALISON,17
ALL SUBURBS,11
ALL Voucher,10
ALLiGACOM,7
ALM Works,4
ALMAMATER,12
ALOT,9
ALS VACUUM SUPERSTORE,7
ALT-F1,4
ALTAIDE,14
ALTASO,4
ALTAVIDA,18
ALTHIA,10
ALTe Technologies,10
ALi Corporation,10
AM Analytics,14
AM Data Service,0
AM&J Marketing Network Professionals,14
AMAX Information Technologies Inc,10
AMAZE Mobile Media,8
AMC,10
AMC Multisupport Pvt Ltd,7
AMC Tampa Executive Careers,10
AMCAT,17
AMEC,10
AMELKIS,10
AMG Bolting Solutions,10
"AMI Healthcare, Inc",12
AMI Software,4
AMIA Systems,10
AML Source,3
AMN PARDAZ SOFTWARE,5
AMOtech,16
AMP Consulting,7
AMPS (Aquaponic Modular Production Systems),10
AMS,7
AMS Consulting,10
AMSBIO,10
AMSC,10
AMSG,10
AMSJ,19
AMT (Aircraft Management Technologies),10
ANAGARD,7
ANASAC,10
ANATOMIA DE RED,10
ANB Promotions Ltd,7
ANBOTO,7
AND Automotive Navigation Data,10
ANDAC OTOMOTIV,10
ANDAGO INGENIERIA,7
ANDOR STUDIOS,2
ANETONLINE,0
ANG Designers,12
ANICASE,10
ANIL INSAAT Yapi Guclendirme,10
ANMOL MATRIMONIAAL CONSULTANCY,7
ANNACOLIBRI,14
ANSON SPORTS,10
ANT Farm,10
ANT Led Isiklandirilmis Tablo,10
ANTPJI,10
ANW Transitional,10
ANYPLAYS,2
ANZA Technology Network,14
ANeeSH Software Solution,10
AOHNA Chaussures,18
AOK,2
AOL,19
AOS Technologies,10
AOptix Technologies,5
AP Cables,10
AP Name,10
AP Sensing,10
APD Infomedia Pvt Ltd,10
APD Promotions,10
APE Privacy,7
APE Systems,0
APEC Envelopes,10
APG Cash Drawer,12
API Outsourcing,7
APICS,10
APImetrics,7
APJ India,10
APJ SYSTEMS,10
APL - Right Solution,10
APMEX,10
APO Box,10
APOLLO COSMETIC CLINIC,10
APPCityLife,6
APPMARX,3
APPMOB,16
APPRIME agency,10
APPSORIA,2
APPSPIRE,16
APProfit,15
APRfinder,10
APS Security,5
APSProLab Professional Photo Lab & Albums Binding Company,7
APSU,7
APSjobs,7
APT Therapeutics,4
APTARE,0
APTICA,7
APTOIDE,10
APU Solutions,10
APhub,10
AQ,12
AQAR-ESTATE,10
AQAR-ESTATE,10
AQMETRICS,10
AQSENSE,10
AQSS-USA,7
AQUAECA,10
AQUASCRIPT UK LTD,10
AQVA,10
AR Web Design,12
AR Web Zone,2
ARATOG,2
ARBD Care,10
ARBICO Organics,10
ARC Advisory Group,7
ARC Media Group,7
ARCADE PEOPLE,10
AREVS,10
ARG Media,17
ARI Fleet,7
ARIA Logistics,10
ARISE Interventionist Training,10
ARISE studio & web agency,18
ARInnova,9
ARL Mobile,8
ARLab,10
ARMAX GAZ,10
AROBS Software,4
ARS Towing,10
Art.com,3
ARTA Bioscience,10
ARTELISTA WORLDWIDE,10
ARTOX,14
ARTtwo50,9
ARVA Energetika,7
ARX,5
ARcrescent,12
AS Special Events party & tent rentals,11
ASA Computers,10
ASA Partners,1
ASAP Locksmith,7
ASAP Semiconducor,10
ASAP Systems,10
ASCO MEDICAL,10
ASCON,2
ASE Networks,7
ASE Softnet,4
ASEOHosting,7
ASEZ Solutions,7
ASLAN Companies,10
ASM Circuits Faridabad,10
ASMD Landscaping Company,7
ASOCS,4
ASOS,10
ASOS Fashion Finder,10
ASOS Marketplace,10
ASPGulf,7
ASPgems,4
AST Finishing,10
ASTECH Tools Technology,10
ASUS WebStorage,0
ASimpler Wedding Registry,10
AStarApps,6
AT Internet,14
AT&T,7
AT&T Phone Unlocking,8
ATAWAO,10
ATC Future Medias,14
ATCG-Dx,10
ATCO Emissions Management,3
ATCOM,4
ATCOMAART,7
ATD American Furniture,17
ATDynamics,10
ATEME,7
ATG Media (The Saleroom),10
ATI Courses,3
ATILUS,12
ATM Broadcast,11
ATMCASH,7
ATOM IT SERVICES,12
ATP Innovations,10
ATS Container Services,10
ATSS,5
ATTUS Technologies,7
ATUNN,10
ATeam4ADream,10
ATech Electrical,10
AUB2B,10
AUDITOSCOPIA,10
AUPEO!,10
AUSWEB Web Hosting,7
AUTO plus Autoservice und Autoteile,10
AUTOMATED COMPUTING MACHINERY,10
AV Chicago,11
AV STAR TECHONOLOGY,10
AVA Global,10
AVA systems,10
AVAI Mobile Solutions,16
AVANU,10
AVANZO LEARNING PROGRESS,1
AVAREN,7
AVEC,9
AVEO Pharmaceuticals,10
AVERT Software,5
AVGN Systems,10
AVI Infosys,5
AVIA,10
AVIN,3
AVIO Consulting,7
AVIS eSolutions,4
AVLView,10
AVN Media Network,10
AVOXI,7
AVRAGE MEDIA,19
AVST,10
AVTEC Ltd,1
AVTEQ,10
AVdirect,10
AVens,10
AVentures Capital,14
AViiQ,8
AW CompuTech,12
AW Meble Wrocaw,10
AW Solutions,10
AW-Energy,10
AWAK,10
AWIC,7
AWL Travel,10
AWTE UK Ltd,10
AWeber Communications,7
AX3 FULLTECH,10
AXA PPP Healthcare,7
AXA PPP International,10
AXA Self Investor,10
AXADO,7
AXEON Water Technologies,4
AXIONstudios,12
AXTON,10
AXU,10
AXYS,10
AYALGA,1
AYCE Internet,7
AYESA ADVANCED TECHNOLOGIES,7
AYIN International,10
AYLIEN,10
AZ Distribution,10
AZ Paralegal Services,7
AZ Weathermakers,7
AZTIVE,10
AZprofile,10
Aagam Medicare,10
Aamcomp,7
Aania Domains,10
Aantex Pest Control,7
AapLabs,2
Aapya,10
Aardvark,3
Aaris Internet Solutions Pvt Ltd,1
Aarkstore,14
Aaron Bouren,10
Aaron Clarke,12
Aarons,10
Aash Cube Lighting,10
Aayan Communication,12
AbD Serotec,7
Aba Sayyoh,10
Abaad Embodied Design LLC,10
Abacasys,10
Abaconda Management Group,7
Abacus AC Solutions Ltd,7
Abada Servicios Desarrollo,7
Abadoo,3
Abak Software,7
Abanlex Abogados,0
AbanteCart,10
Abaris Softech Inc,4
Abbey Business Centres,7
Abbey Carpet & Floor,10
AbbeyPost,10
Abcam,10
Abdul Ghaffar & Sons Overseas Employment,10
AbeBooks,3
Abejita,8
Abelson Law Firm,10
Abengoa,7
Abengoa Solar,10
Abenity,10
Abero,16
Abertis Telecom,7
Abey Gates,10
Abhav,9
Abhay Products,10
Abhibus,10
Abhijit Enterprises,10
Abhishek Enterprises,10
AbilTo,10
Abilian,4
Abilis New England,10
Abilis Solutions,4
Abillo,10
Abine,5
Abingerdale,8
Abintegro,10
Abiquo,10
Abk-soft,10
Able Device,4
"Able Environmental, LLC",10
Able Pasadena Movers,10
Able Planet,10
Able Skills,10
Ablechair,15
Ableton,10
Abletunes,10
Ablysoft Pvt Ltd,12
Abode Park City Reservations,10
Abode Wall Art,10
AbodesIndia,10
Aboogy,1
Abos Labs Inc,10
Abound Solar,10
Abound Trading inc,10
About Eyes,7
About Faces Cosmetic Surgery,10
About Fertility,0
About Muscle,10
About The Image,10
About2Cruise,3
AboutFace Media,14
AboutOne,10
AboutYourStartup,3
Aboutread,10
Above Labs,12
Above Security,5
Above and Beyond Senior Placement Services,10
Above the Fold,12
AboveNet,14
Abra Auto Body & Glass,7
Abra Technologies,7
Abracadaban,15
Abracadabra Productions,10
AbraxSys Corporation,10
Abrition,10
Abriza,10
Abroad101,17
Abruzzo Villas,10
Absara,11
Absly,7
Absoft,10
AbsolutMind,19
AbsolutVision,10
Absolute Marketing,14
Absolute Power Tools,10
Absolute Security Services,5
Absolute Software,5
Absolute Software GmbH,4
Absolute Today,14
Absolute Tower Condos,12
Absolute Variety,10
Absolute Vitality Spa,10
AbsoluteVisit,10
Absolutely Casual Patio Furniture,10
Absolutist,2
Absorb,0
Abstract Mechanical,10
Abstract Works Limited,19
Abstraktion,0
Absys Global,12
Abture,7
Abu Dhabi Media Company,10
Abukai,10
Abundant Global,7
"Abundant Life Academy of Milford, Virginia",10
Abylight,2
Acacia,9
Acacia Rent A Campervan NZ,10
Acadar,17
Academhy,17
Academia,17
Academia RFID,10
Academic Ads,14
Academic Capital Exchange,17
Academic Concept Knowledge,10
Academic Earth,17
Academic Keys,17
Academic Owl Tuition,10
Academic Path,17
Academic Room,17
Academic Writing Pros,17
AcademicFamily,1
AcademicWorks,10
Academicwriting,17
Academize,17
Academy Mortgage Corporation,10
Academy Of Financial Trading,10
Academy of Computer Education,10
Acadia,10
Acadiana CCTV,5
Acadsoc,17
Acadzone,17
Acamica,17
Acano,10
Acanthus Infotech,12
Acaza,10
AccSys Business Consultants,10
Accace,7
Accedeo,4
Accedeo IT & BPO,4
Accedian Networks,7
AccelGolf,10
AccelOps,5
AccelerEyes,10
Acceleraction,10
Accelerance,4
Accelerate Marketing Inc,1
Accelerate Worldwide Ltd,7
Accelerated Design,4
Accelerated Ideas,10
Accelerated Media,19
Accelerated Servers,4
Accelerated Technology Laboratories,10
Accelerated Ventures,10
Acceleration Co-op,10
Accelerator Academy,10
Accelerator Capital,7
AcceleratorYYC,3
Accelero Bioanalytics,10
Accelesales,7
Accell Telesystems,7
Accellion,5
Accellos,10
Accelrus Technology Group,14
Accelsor,12
Accelya,7
Accendo Design,8
Accendo Design UK,8
Accendo Infotech Private Limited,4
Accent Consulting,7
Accent Controls,10
Accent Technologies,10
Accentium Web,10
Accentudate,3
Accept Software,10
AcceptEmail,7
Accera,10
Accern,10
Accertify,10
Acces Corporatif,7
Accesa IT,4
Acceseo,14
Acceso Cero,1
Access Communications,7
Access Development,10
Access Direct,7
Access Forensics,0
Access Glass,10
Access Health Care,10
Access Heritage,9
Access Hosting,7
Access Innovations,10
Access Marketing Company,14
Access Nepal Tour and Trekking,10
Access New Media,10
Access Northeast,7
Access Point,12
Access Point Media Group,12
Access Security Systems Pvt Ltd,5
Access Staffing,10
Access UK,7
Access eforms,10
AccessPay,5
AccessWallet,5
Accessible Care,10
Accesstream,5
Accesswire,10
Accident Attorney Seattle,10
Accident Claim Solicitors,10
Accion Labs,7
Acciona,10
Acclaim Law Group,10
Acclaim Shopfitters,10
Acclaimd,10
Acclivity,7
Accolade Prep,10
Accommodation for Students Ltd,17
Accoona,1
Accord Construction Inc,7
Accordance Bible Software,10
Accordia IP,10
AccountMaven,10
Accountability Lab,10
Accountable,10
Accountagility,0
Accountancy,7
Accountancy Age,7
AccountantsWorld UK,10
Accounting & Business Solutions,7
Accounting Services Firm LTD,7
Accounting Services For You,7
Accounting Solutions Partners,7
Accounting Tutor,7
AccountsApp,10
Accountsportal,10
Accovion,7
Accredify,10
Accredited Institutes for College Credits,17
Accredited Investor Solutions,10
Accredited Transcription Corp,7
Accrew,0
Accru - Chartered Accountants,7
Accrue Search Concepts dba Boounce,1
AcctTwo Shared Services,7
AccuConference,10
AccuExperts,3
AccuNOC,7
AccuProcess,7
AccuRental Tenant Screening,10
Accudata Technologies,10
Acculynk,10
Acculynx,7
Accumulate,16
Accumuli Security,5
Accupoint Software,10
AccuraCast,1
Accuracy Marketing,14
Accurate,10
"Accurate Always, Inc",10
Accurate Append,0
Accurate Background,7
Accurate Mailing Services,7
Accure Technologies,2
Accusign Incorporated,7
Accutemp Cooling and Heating,7
Accutex EDM,10
Ace & Partners,10
Ace Air,7
Ace Aqua Technologies,7
Ace Ends Production,10
Ace Sheds,10
Ace Thought Technologies,4
Ace Ticket,10
Ace Ventures,14
Ace Your College Classes,3
AceExhibits,11
AceSeller,10
AceTen,17
Acebyte,14
Acecla Technology Ltd,4
Acellere,7
Acellus Corporation,17
Acemcee,11
Acendi Interactive,5
Acenonyx,16
Acento Hispano,12
AceroMart,10
Aceros de Hispania,10
Acertis Cloud,4
Aces Four Construction,10
Acesis,10
Acess Wholesale,10
Acesse,19
Acesys India,4
Acesys Technologies,12
Acexlogics - AXL,7
AchaLa,3
Achaogen,10
Achei Consulta,10
AcheiConsulta,10
Acheive CCA,10
Acheter Vues Fans Followers,14
Achieve Beyond,7
Achieve Internet,4
Achieve Sports,10
AchieveMint,8
Achievers,10
Achievers Point Knowledge Systems,17
Achshar,4
Acid Labs,10
AcidVPN,5
Ackuna,10
Ackwired,10
Acliff Technologies,1
Acme Articles,3
Acme Doors And More,10
Acme Files,10
Acme Mobile,8
Acme Scale Systems,10
Acme Scale Systems Inc,10
Acme Woodtech,12
Acmeware,0
Acmite Market Intelligence,14
Acnur,10
Acobot,10
Acognita,14
Acomba,12
Aconex,4
Acoolme,14
Acopio,0
Acopoco,10
Acorn Worldwide,10
Acosta Law Group,10
Acoteor,10
Acotis Jewellery,10
Acoustic Tests,10
Acqua Telecom Ltd,8
Acqueon Technologies,10
Acquia,3
AcquiredKnowledge,0
Acquirelists,14
Acquirent,7
Acquirer Systems,10
Acquisition,10
Acquity Group,14
Acre Resources,10
AcreWhite,11
Acrede HR & Payroll Solutions,7
Acrelic Interactive,10
Acrilex,10
Acrinta,10
Acro Energy Technologies,10
Acrogensoft Services,12
Acromobile,7
Acronis,0
Acropolis Tech,7
Across Systems,10
Acrux Ads,15
AcrylicPress,10
Acsendo,10
Act  Accelerating the Commercialization of Technologies,10
Act-On Software,10
ActBlue,10
ActSocial,14
Actacell,10
Actelis Networks,7
Acteva,11
Actfinder,11
Actiepagina,10
Actimedia Digital Corp,14
Actimind,4
Actin Web Video,10
Actinic Software,12
Actio Corporation (software),0
Action Factory,10
Action Heating & Cooling,7
Action Item Software,16
Action Online Publishing,3
Action Products International,7
Action Promotions & Communications,14
Action Sports Branding,14
Action To Download,10
Action Tyres and More,10
Action Verb,12
Action Websites,10
ActionBase,10
ActionComplete,4
ActionFlow,10
ActionZap,3
Actionize,10
Actionly,14
Actionmint,10
Actions Semiconductor,10
Actito,14
Actius,10
Activ8,10
Activ8 Career Coaching,10
Activ8Social,10
ActivEngage,10
"ActivPro, LLC",10
Activa Live,7
Activate Nutrition,10
Activation Energy,10
Activation PR,10
Active Environmental Solutions,10
Active Interactive,11
Active Internet Marketing,14
Active Interview,10
Active Marketing,14
Active Networks,7
Active Online,7
Active Pest Control,10
Active Training Specialists,10
Active Voice Corporation,9
ActiveBox,4
ActiveCampaign,14
ActiveCause,10
ActiveGift,10
ActiveHire,10
ActiveInsight,14
ActiveMobi,8
ActivePBX,8
ActivePath,14
ActivePepper,8
ActivePitch,10
ActiveSec,8
ActiveSide,2
ActiveStrategy,7
ActiveTrak,10
ActiveViews,10
ActiveWIT,7
ActiveWorlds,10
Activeark,10
Actively Learn,17
Actively Social Networks,10
Activeweb,10
Activistor,4
Activity Bookers,10
Activity Rocket,1
Activity Stream,10
ActivityBrain,11
Activitypig,10
Activlan,10
Activolution International,14
Actridge,4
Actual Experience,10
Actual Reports,10
ActualSales,10
Actuality,12
Actuate,0
Actuate IP,10
Actuit India,7
Actus Digital,19
Actwitty,0
ActyMac,4
ActyWatch,0
AcuMedSoft,4
Acudora,10
Acuity Risk Management LLP,5
Acuity Scheduling,3
AcuityAds,10
Aculab Cloud,4
Acumatica,10
Acumen Management Group,7
Acumium,1
Acunote,4
Acunu,0
Acupera,10
Acurest,10
Acute Data Systems,7
Acxiom,0
Acyclica,10
Ad & Web Agency,12
Ad Capry,15
Ad Chap,15
Ad Dynamo,15
Ad Energy,10
Ad Factory,15
Ad Giants,14
Ad Infuse,15
Ad Knights,19
Ad Magnet,15
Ad Republic,15
Ad Retweets,10
Ad Server Beans,15
Ad-Dispatch,15
Ad-Venture Media,15
Ad2Pixel Infotech,12
Ad4Game,15
AdBhai,3
AdBidx,19
AdBogie,19
AdBuddy,8
AdCause,7
AdChop,19
AdClair,10
AdColony,19
AdCom Marketing,14
AdCow,19
AdDynamics,15
AdECN,19
AdElement,19
AdEntify,19
AdEspresso,15
AdFicient,10
AdFinance,10
AdGabs,19
AdGaem,14
AdGate Media,19
AdGenesis,14
AdGibbon,19
AdHack,15
AdIQuity,15
AdInfusion,1
AdIvy,10
AdKiwi,15
AdLINK Group,10
AdLantic Online Advertising,7
AdLift,1
AdMarvel,15
AdMatter,19
AdMax Media,0
AdMe,17
AdMecha,8
AdMob,6
AdMobilize,19
AdMobius,8
AdMoment,8
AdMonsters,15
AdNear,0
AdNectar,3
AdOn Network,19
AdOnion,15
AdParlor,19
AdPlacers,19
AdPlugg,19
AdPropel,19
AdQuantic,10
AdReady,19
AdRocket,15
AdRoom,14
AdScore,10
AdSemble,19
AdServe Digital Signage,10
AdShark Marketing,1
AdShouts,10
AdSide,19
AdSignals,19
AdSkore,19
AdSmart,14
AdSmoke,15
AdSoftware,0
AdSource Tracker,19
AdSpace Technologies,12
AdSpruce,15
AdStage,15
AdStars,19
AdSysNet Solutions,10
AdTangerine,19
AdTheorent,8
AdTotum,15
AdTrib,8
AdTriple,16
AdTruth,10
AdVantage SEO,12
AdVeler Advertising,19
AdVerit,14
AdVertive,19
AdVision Marketing,1
AdWired,9
AdWolt Ltd,19
AdXpose,19
AdZap,15
AdZouk,19
Ada India,4
AdaCare,3
Adachi Computech Solutions,7
Adage Technologies,4
Adagio,14
Adalid Inmark,10
Adallom,5
Adamans,14
Adamant Valves,10
Adamas Network,10
Adame EM Solutions,10
Adams Homes,10
Adams Law Firm,10
Adams Traffic Management,10
Adana HiltonSA,10
Adanote,17
AdapDev IT Web Design,12
AdapTac Games,2
Adapp Solutions,19
AdaptForce,10
AdaptLogo,19
Adaptavist,10
Adapteva,10
Adaptics,9
Adaptik Corporation,10
Adaptiva,10
Adaptive - IT & Innovation,10
Adaptive Imaging Technologies,5
Adaptive Media,15
Adaptive Semantics,10
Adaptive Technologies(ATi),0
Adaptive Technologies(ATi),0
AdaptiveBlue,10
Adaptlogic,3
Adapto Design,12
Adaptyne Technologies,3
Adapx,0
Adarma,10
Adaro Group,7
Adax,12
Adball,15
Adbeat,19
Adblade,15
Adblock Plus,15
Adblue,1
Adbluedigital,19
Adbookr,11
Adbot,15
Adbrain,19
Adcash,15
Adcast,19
Adchemix,1
Adchemy,10
Adclick,14
Adcloud GmbH,10
Adconion Direct,10
Adconion Media Group,19
Adcrowd retargeting,19
Add-on-Con,10
Add2Cart,7
AddFleet,8
AddLive,4
AddMyBest,10
AddNewFollowers,10
AddThis,0
AddWin,10
Addashop,10
Addastaff Consulting Incorporated,7
Addesso,12
Addicted2Success,10
Addictive Media,12
Addictive Media KL,14
Addictive Mobility,19
Addie,10
Additer,10
Additive Analytics,0
AddonFactory,4
AddonTV,19
Addoor,19
Addoursearch,3
Addoway,10
Addressgate,5
Addroid,15
AddsYou,10
Addsnaps,15
Addy,7
Adecode,10
Adedia,3
Adegga,10
Adela Promotion,12
AdelaRosa Ltd,12
AdelaVoice,10
Adelaide Fashion Photographers,10
Adelaide Local SEO Services,1
Adelaide RC,10
Adele Robots,10
Adelphic Mobile,8
AdeoPoint,7
Adeona,10
Adept Marketing Agency,14
Adeptia,7
Adeptinfosys,10
Adeptol,10
Aderra,11
Adesis Netlife,7
Adex,10
AdexLink,6
Adexin LLC,4
Adeye Mobile,8
Adeyoh,10
Adfaces,19
Adfonic,19
Adfun,15
Adgorithms,19
Adgregate Markets,19
Adheaven,19
Adhere Creative,12
AdhereTech,10
Adhese,15
Adhril,10
Adhunk,19
Adhysteria,10
Adiam,10
Adiant,19
Adicio,14
Adico,10
Adictiz,2
Adido,14
Adigami,0
Adility,7
Adioso,10
Aditall,19
Adith Multilingual Services Private Limited,12
Aditiv,10
Aditive,19
Adityaa Call Centre,7
Adivo,7
Adjacent Applications,7
Adjetter Media Network,19
Adjix,19
Adjudica,10
Adjug,19
Adjusoft,10
Adjust,10
Adjustables,10
Adknowledge,1
Adlagao,7
Adlegant,3
Adler Integrated,14
Adlesse,10
Adlib Software,10
Adlistic,19
Adlogix,19
Adloop,19
Adloop Media,2
Adlucent,1
Adm Italia,19
Admaze Group,14
Admazely,10
Admeld,10
Admeris,8
Admetric,10
Admetry,19
Admify,10
Admine,19
Administrate,7
Admiral Markets,14
Admiral Records Management,5
Admissions Lab,17
AdmitSee,17
Admivo,19
Admixture,14
Admo,12
Adn mobile solution,0
Adneedle,15
Adnera,4
Adneuron,7
Adnig Technologies Pvt Ltd,1
AdoTube,15
Adobe Flex Team,4
Adobe Systems,14
Adobo Games,2
Adodis Technology,12
Adodis Technology,12
Adography,10
Adolf Jewelers,10
Adometry,19
Adonomics,4
Adooga,10
Adoption STAR,10
Adoreboard,10
"Adori Labs, Inc",10
Adorkable,9
Adorn SEO Services,12
Adorn Technologies,12
Adotomi,14
Adpard Affiliate Network,10
Adpark,10
Adperium,19
Adpoints,19
Adprecision,1
Adpressive,15
Adprime Media,15
Adqey,8
Adquant,19
Adquisitio,4
Adremixer,15
Adrenaline Commerce,12
Adrenaline Hunter,10
Adrenaline Mobility,5
Adrenna,17
AdresGezgini,19
Adrformacion,4
Adria Solutions,10
AdriaDrop - Drupal Agency,3
Adriacell,10
AdroitLogic,7
Ads Fund,7
Ads by Athena,15
AdsBrook,15
AdsCaptcha,5
AdsCluster Affiliate Network,19
AdsGod,15
AdsKaro,12
AdsLive Media,19
AdsNational,14
AdsNative,15
AdsPapa,15
Adsable,15
Adsame,19
Adscend Media,19
Adskir,15
Adslot,10
Adsmedia,19
Adspringr,15
Adster Creative,14
Adsurfer,19
Adsvault,15
Adteractive,10
Adtoma,19
Adtopsy,15
Adtrade,19
Adtruism,10
Adtrustmedia,15
Adult App Mart,9
Adult Link Market,1
Adult SEO Experts,1
Adura Technologies,10
Aduro LMS,17
Adva Mobile Corp,8
Advaliant,14
Advalidation,19
AdvanFort,5
Advance Age Insurance Services,10
Advance Automated Systems,10
Advance Engineers,7
Advance Funds Network,7
Advance Innovation Group,7
Advance Insurance & Benefits,10
Advance Solutions EU,4
Advance Systems America,10
Advance Web Promotions,1
Advance Wire Products Ltd,10
AdvanceTec Industries Inc,7
Advanced Advocates,17
Advanced Animal Care of Colorado,10
Advanced Auto & Truck Repair,10
Advanced Biotechnology Incubator,10
Advanced Communications,7
Advanced Control Corporation,10
Advanced Data Protection Systems,0
Advanced Design Utah - Utah Web Design Firm,12
Advanced Discovery,7
Advanced Enviro Technology,14
Advanced Event Management System,11
Advanced Field Solutions,7
Advanced Foundation Repair,10
Advanced Innovations,10
Advanced Keys,10
Advanced LED,10
Advanced Marketing & Media Group,14
Advanced Media Technologies,12
Advanced Millennium Technologies,7
Advanced Mobile Solutions,8
Advanced Network Systems,10
Advanced Pain Care,10
Advanced Payment Solutions APS Group,10
Advanced Quality Solutions,10
Advanced Rehab Technologies,10
Advanced Resource Managers,7
Advanced Roofing Solutions,10
Advanced Software Concepts,7
Advanced Sports Chiropractic Sydney,10
Advanced Surface Finishing,10
Advanced Technologies Group,12
Advanced TeleSensors,5
Advanced Telecom Services,19
Advanced Telemetry,10
Advanced Test and Automation,10
Advanced Virtual Surveillance,5
Advanced Web Designs Ltd,12
AdvancedREI,10
Advancepts IT Solutions,7
Advangent,14
Advansis Media,4
Advantage Business Media,14
Advantage Design,12
Advantage Financial Services,7
Advantage Home TeleHealth,10
Advantage Media,3
Advantage Media Nordics,14
Advantage Solutions,4
Advanti,0
Advantia VoIP Systems,10
Advantis Communications,14
Advantix Technologies,4
Advartis Tenerife Properties,10
Advebs,4
Advenio Software,4
Advent Interactive,1
Advent Solar,10
AdventEMO,7
Adventador,15
Adventeer,3
Adventr,10
Adventure Areas,3
Adventure Central,3
Adventure Graphics,12
Adventure Indochina Travel,7
Adventure Land Nepal Travels and Tours,10
Adventure Lombok Tour,10
Adventure Sports Holidays,3
Adventure to Fitness,17
AdventureDrop,10
AdventureHoney,10
AdverCar,10
AdverPics,19
Adverfix,14
Adverlytics,19
Adverplans,14
AdvertGoal,6
Advertar,0
Adverticum,15
Advertising Solutions,12
AdvertisingCrossing,3
Advertology,0
Advertory,7
Adverway,10
AdviCoach Msmith,7
AdviCoachMI AdviCoach,7
AdviCoach_ High Point,7
AdviCoach_Holly Springs,7
Advia,1
Advice Company,3
Advice Ready,17
Advice Wallet,7
AdviceScene Enterprises,3
AdvisU,10
Advisable,10
Advise Only,10
Adviser Index,10
Adviso,14
Advisor,10
Advisor Exchange,10
Advisor Websites,7
AdvisorDeck,14
AdvisorMed,10
Advisorfi,10
Advisors Mortgage Group LLC,10
Advisory Board & Business Coach Eastbaynorth,7
Advisr,10
Advisual Creative,12
Specific Media,10
Advivi,7
Advizo,3
Advo Support,10
Advocacy,14
Advocatalog,10
Advocate Interactive,7
AdvocateKhoj,10
Advokatska kancelarija Prnjavorac,10
Advolve Media,19
Advorto,10
Adwanted,19
Adways,9
Adweart,19
Adwera Capital,10
Adwindow,10
Adwings,19
Adword Success,12
Adyoulike,19
Adysoft,7
AdzZoo En Espanol,19
Adzerk,15
Adzshare,10
Adzuna,1
Adzzup Inc,1
Aedgency,19
Aedly,10
Aegis,10
Aegis Identity Software,7
Aegis Limited,7
Aegis Mobile,16
Aelatis Technology,4
Aelita Software,5
Aemelior Associates,19
Aenima,4
Aentos,10
Aentropico,0
Aequilibrium,8
Aequitas Global,14
AerServ,15
Aerapay,10
Aerify Media,0
AeroFS,10
AeroScout,4
Aeroecommerce,10
Aerohills,2
Aerolab,10
Aerolase,10
Aerosim Flight Academy,17
Aerospike,0
Aerosystems International,10
Aerotehna,10
Aerse,8
Aerva,8
Aeryon Labs,10
Aeschleman Law,10
Aesthetic Dento-Facial Associates,3
Aesthetic Element,9
Aesthetic Plastic Surgery,10
Aether DBS,10
AetherPal,10
AetherStore,0
Aethon,10
Aethur Interactive,12
Aetilius,10
Afaq Designs,12
AffClicks,0
Affect Labs,14
Affective Interfaces,10
Affilae,19
Affiliate Fury,10
Affiliate Lease,10
Affiliate Manager,14
Affiliate Marketing,14
Affiliate Window,3
AffiliateInterface,7
AffiliateTraction,7
AffiliateTraction Canada,14
AffiliateTraction UK,14
AffiliatesDrive,15
Affilired,14
Affilogic,4
Affilorama,14
Affine,10
Affinegy,7
Affinitas GmbH,10
Affinitive,14
Affinity China,10
Affinity Coaching Solutions,10
Affinity Express,14
Affinity Informatics,7
Affinity Technology Group,2
AffinityClick,8
Affinnova,14
Affirma Health,7
AffittiVacanze-Spagna,10
Affle,19
Affordable Bail Bonds,7
Affordable Bedding,7
Affordable Business Website,3
Affordable Business Websites,12
Affordable Ceiling Storage Racks,10
Affordable Healing Hands,7
Affordable Heating & Air Lees Summit,10
Affordable Limousines,11
Affordable Polished Concrete,10
Affordable Property Management,10
Affordable Rental Cars,10
Affordable Storage Cabinets,10
Affordable Towing,8
Affordable Towing & Transport,7
Affygility Solutions,7
Afghans Network,10
Afiliapub,10
Afixi Technologies,12
Aflo,10
Aframe,10
Africa Adventure Safaris,10
Africa's Talking,16
Africaincorp Media Network,10
African Innovation Foundation,10
African Safaris,10
African Virtual School,17
Afrigator Internet,10
AfrikBoutik,10
Afrikrea,10
Afrimarket,10
Afritorial,10
Afrizi,15
AfroDeity,10
Afrocoin Mobile Money,8
After Builders Cleaning London,13
After Classroom,17
After My Deal,10
After the Deadline,10
AfterBuzz TV,10
AfterDownload,9
AfterShip,10
AfterWorkDeals,10
AfterYes,10
Afterbrnr,10
Afterburnfitness,10
Aftercad Software,10
Aftermath,17
Afteru,14
Afuera Environmental Evolutions,10
Afumex Cables,10
Afzal Metal Refine Works,10
AgFunder,10
AgLocal,10
AgSquared,10
Agape Counseling Center,10
Agape Driver Training - Johannesburg,10
Agaram Technologies,0
"Agarbatti Making Machines, Special Purpose Machines, Blending Machines, Pulverizing Machines",10
Agasio - POE & Wireless IP Cameras,10
Agave Design,12
Agave Games Inc,2
AgeCheq,6
AgeStat,5
Agee Clymer Mitchell and Laret,10
Agelio Networks,4
Agematis,10
Agen Judi Casino Terpercaya - Agen Bola Piala Dunia 2014,0
Agence Synapse,12
Agence Web Communication Martinique Indigo,14
Agencio Digital,1
Agency Buzz,12
Agency Couture,7
Agency Entourage,14
Agency M,14
Agency Matter,14
Agency Spotter,10
AgencyDigi,10
AgencyFour,14
Agenda Beleza,10
Agenda Mahala,11
AgendaCloud,10
AgendaPet - Services One Paw Away,7
Agendeiro,10
Agendize,10
Agendor,10
Agent Ace,0
Agent Anything,17
Agent Aquarium,10
Agent Image,12
Agent Logic,5
Agent Media Group,14
Agent Partner,10
Agent Shield Technologies,10
AgentMethods,10
AgentPair,7
AgentPiggy,17
Agentek,0
Agentflare,10
Agentka,14
Agentleaf,3
AgentsBids,10
Agentur Schade,1
AggData,0
AggreGame,2
Aggregift,10
Aggrity,3
Aggrosoft,10
Aghatha Maxi Consulting,5
Aghreni Technologies,7
Agicent Technologies,9
AgilOne,0
Agile CRM,10
Agile Contents,10
Agile Corporation,10
Agile Frameworks,4
Agile Fusion,16
Agile Impact Group,14
Agile Informatics,7
Agile Load,10
Agile Media Network,19
Agile Offices,7
Agile Route,10
Agile Search Marketing,1
Agile Technosys,4
Agile-Estimator,10
AgileBio,10
AgileCrew,17
AgileFi Solutions,10
AgileHead,4
AgileJ Limited,10
AgileLaw,10
AgileSense,0
AgileSoup,4
AgileSource,8
AgileZen,4
Agilebuddy,10
Agilecraft Oy,10
Agiledevers Labs,16
Agilence,10
Agilewaves,10
Agilio Software,10
Agilion Apps,9
Agilion Consulting,12
Agiliq,7
Agilis Digital,14
Agilis Software,4
Agilis Systems,8
Agility,10
Agility Metrics,10
Agilize,7
Agily Networks,4
Agimpe,10
Aginova,10
Aginto Solutions,12
Agle IT,10
Aglepie,1
Agloves,3
Agmachine,10
Agnilux,10
Agolo,10
Agonyapp,10
AgooBiz,7
Agora,10
Agora News,11
AgoraExpo,10
AgoraPulse,10
Agoracom,10
Agorafy,10
Agorique,12
Agosto,7
Agoura Hills Air Duct Cleaning Company,13
Agra News-India News,10
Agraj Technologies,4
AgreeYourFee,10
Agreed Escrow,10
Agrfriends,4
Agri Search (I) Private Limited,10
Agri-Best Foods,10
"Agricultural Food Systems, LLC",10
Agrium,10
Agriya,4
Agrocesped,18
Agrolinked,10
Agselo,14
Agtel,10
"Agua Del Sol, LLC",10
Aha!,10
Ahaali,10
Ahaishopping,10
Ahalogy,10
Aharin india,10
Ahead,3
Ahead of Time Miami,10
Ahead of the Curve Technologies,5
Ahinco Sostenible,10
Ahlera,12
Ahmednagar Directory,10
AhnLab,5
AhomeZ,10
Ahonya,8
Ahosting,10
Ahrefs,0
Ahsania e Solutions,12
Ai2 Software,10
AiDASiNC,14
AiRISTA,10
AiTechSys,7
Aiaioo,10
Aibang,7
Aibu,12
Aicio,16
AidCom,5
AidScholar,1
"Aidan Products, LLC",10
Aidan Taylor NetSuite Marketing,14
Aigc Northamerica,1
Aigc middleast,7
AigleMed,10
Aiguarentacar,10
Aikapa Financial Planning & Investment Management,10
Aikiton Electronics Limited,7
Aim High Educational Services,17
AimVenture Corporation,1
Aimabroad,10
Aiming,2
Aipai,2
Air Care UV,13
Air Charter Advisors,10
"Air Comfort Systems,",10
Air Comments,9
Air Conditioner Outlet,10
Air Conditioning Repair Sacramento,10
Air Duct CLeaning Downey,13
Air Duct Cleaning Agoura,13
Air Duct Cleaning Agoura Hills California,13
Air Duct Cleaning Alameda,13
Air Duct Cleaning Alhambra,13
Air Duct Cleaning Aliso Viejo,13
Air Duct Cleaning Antioch,13
Air Duct Cleaning Artesia,13
Air Duct Cleaning Azusa,13
Air Duct Cleaning Benicia,13
Air Duct Cleaning Bonney Lake,13
Air Duct Cleaning Brea,10
Air Duct Cleaning Buena Park,13
Air Duct Cleaning Burlingame,13
Air Duct Cleaning Canoga Park,13
Air Duct Cleaning Carol Stream,13
Air Duct Cleaning Chatsworth,13
Air Duct Cleaning Concord,13
Air Duct Cleaning Coronado,13
Air Duct Cleaning Costa Mesa,13
Air Duct Cleaning Covina,13
Air Duct Cleaning Culver City,13
Air Duct Cleaning Cypress,13
Air Duct Cleaning Diamond Bar,13
Air Duct Cleaning Duarte,13
Air Duct Cleaning Dublin,13
Air Duct Cleaning El Monte,13
Air Duct Cleaning Encino,13
Air Duct Cleaning Forest Hill,13
Air Duct Cleaning Fullerton,10
Air Duct Cleaning Galena Park,13
Air Duct Cleaning Garden Grove,13
Air Duct Cleaning Gig Harbor,13
Air Duct Cleaning Glendale,13
Air Duct Cleaning Granada Hills,13
Air Duct Cleaning Hacienda Heights,13
Air Duct Cleaning Highland Park,10
Air Duct Cleaning Hollywood,13
Air Duct Cleaning Huntington Park,13
Air Duct Cleaning Inglewood,13
Air Duct Cleaning Irving,13
Air Duct Cleaning La Canada Flintridge,13
Air Duct Cleaning La Crescenta,13
Air Duct Cleaning La Habra,13
Air Duct Cleaning La Mirada,13
Air Duct Cleaning Lacey,13
Air Duct Cleaning Lake Forest,13
Air Duct Cleaning Lakewood,13
Air Duct Cleaning Livermore,13
Air Duct Cleaning Long Beach,13
Air Duct Cleaning Los Angeles,13
Air Duct Cleaning Malibu,13
Air Duct Cleaning Marina del Rey,13
Air Duct Cleaning Newhall,13
Air Duct Cleaning North Hollywood,13
Air Duct Cleaning North Richland Hills,13
Air Duct Cleaning Orange,13
Air Duct Cleaning Panorama City,13
Air Duct Cleaning Placentia,13
Air Duct Cleaning Porter Ranch,13
Air Duct Cleaning San Diego,13
Air Duct Cleaning San Fernando,13
Air Duct Cleaning San Marino,13
Air Duct Cleaning San Mateo,13
Air Duct Cleaning Santa Clarita,10
Air Duct Cleaning Santa Monica,13
Air Duct Cleaning Skokie,13
Air Duct Cleaning South Houston,13
Air Duct Cleaning Sun Valley,13
Air Duct Cleaning Sunland,13
Air Duct Cleaning Sunnyvale,10
Air Duct Cleaning Tarzana,13
Air Duct Cleaning Temple City,13
Air Duct Cleaning The Colony,13
Air Duct Cleaning Thousand Oaks,13
Air Duct Cleaning Tujunga,13
Air Duct Cleaning Tustin,13
Air Duct Cleaning Valancia,13
Air Duct Cleaning Valley Village,13
Air Duct Cleaning Van Nuys,10
Air Duct Cleaning Venice,7
Air Duct Cleaning Walnut Creek,10
Air Duct Cleaning Waukegan,13
Air Duct Cleaning West Hill,13
Air Duct Cleaning West Hills,13
Air Duct Cleaning Westminster,13
Air Duct Cleaning Whittier,13
Air Duct Cleaning Wilmette,13
Air Duct Cleaning Woodland Hills,13
Air Duct Cleaning lancaster,13
Air Marketing Group,10
Air Marshal Jobs,10
Air One Photo,10
Air Semiconductor,8
Air Squared,10
Air and Gas Systems,10
Air plus,7
AirAppz,10
AirBooks,10
AirCast Mobile,8
AirDroids,10
AirDuctCleaning PlayadelRey,13
AirFasttickets,3
AirFile,10
AirFoodWater,10
AirForShare,10
AirHelp,10
AirHop Communications,10
AirInSpace,10
AirMagnet,5
AirMe,10
AirMedia,14
AirNFC,8
AirON,9
AirPOS,10
AirPatrol Corporation,5
AirPay,10
AirPromVent,10
AirRun,10
AirScoreBoard,9
AirSense Wireless,8
AirServer,4
AirService,10
AirSet,8
AirShiva,10
AirSpaceOne,10
AirSpeed,10
AirTurn,10
AirVM,10
AirWatch,8
Airbnb,10
Airborne,10
Audioair,10
Airborne Mobile,8
Aircom,10
Aircraft Wheel Chocks,3
Aircus,0
Aire,10
Aire Serv Of The Shenandoah Valley,7
AireSpring,0
Aireal Mobile,8
Aireum,10
Airfield Warehousing Ltd,7
Airgle,13
Airing News,10
Airizu,10
Airlike,10
Airlock,5
Airmatch,11
Airnet Group,0
Airpepper,10
Airplux Tenologies Limited,10
Airport Chatter,10
Airport Courier Service,7
Airport Honda,10
Airport Information Services,10
Airport Limo Taxi,10
Airport Motor Mile,10
Airport Parking Manchester,7
Airport Parking Shop,10
Airport Taxi UK,10
Airport Transfer Cars,7
Airport Travel Services Ltd,7
Airpush,19
Airseed,9
Airside Mobile,8
Airsoft RC,10
Airsoft Squared,10
Airspace,9
Airstoc,10
Airsweb,10
Airtasker,8
Airtime,10
Airtool Direct,3
Airtrail,10
Airvite,10
Airwalk Design,12
Airways Parking at Midway Airport,10
Airwoot,10
Airy Labs,2
Aisle Planner,10
Aisle50,10
AisleBuyer,8
AislePhone,7
AisleTen,4
Aisling Foley Marketing,14
Aisoy Robotics,10
Aitako Consulting,4
Aivo,7
Aizmedia,19
Ajahn,17
Ajar Productions,10
Ajax Transport,10
Ajax Union,1
Ajaxo,4
Ajelo,10
Ajiel,7
Ajoft Technologies,4
Ajour,7
Ajungo,3
Akamai Technologies,7
Akamedia,10
Akampus,17
Akaoni Studio,10
Akari Tutoring,17
Akasa Spa,7
Akascia Executive Search,10
Akash Host,3
Akaza Research,0
Akdemia,17
Akesios,15
Akibot,10
Akila Media,10
Akimbo,10
Akimbo Financial,10
Akins Collision Care,10
Akira Systems,7
Akiri Solutions,4
Akisi Lighting,10
Akmicorporation,1
Akoha,10
Akond Lab,4
Akosha,10
Akriti Softwares,12
Akron Childrens Hospital,10
Akshar Agro Exports,10
Akshell,4
Aksilon,4
Aksip Innovations,4
Aktivito,10
Akvelon,4
Akvo,10
Al Digit,4
Al Markazy,10
Al Wasl Charters,10
AlSiarat,10
AlaMarka,7
Alachisoft,0
Alacra,7
Alacris,5
Alacritech,10
AladdinGrass,10
Aladtec,10
Alaiva Technologies,7
Alaloo,10
Alamdaar Engineering Concern,10
AlamoWeb Solutions,10
Alan Ross Machinery,10
Alan Sheinwald LLC,5
Alan Solutions,12
Alanax,10
Alanco Technologies,10
Alarez Media,12
Alaric Flower Design,11
Alarm Force Industries,5
Alarm Grid,5
AlarmForce,5
Alas Consulting,7
Alaska Arms LLC,10
"Alaska Dermatology, Laser and Skin Cancer Center",17
Alatask,3
Alawalico Building Materials Co LLC,7
Alba Business Catering,7
Alba Orbital,14
Albanian Real Estate,14
Albany Center of Excellence,10
Albatross Technologies Limited,4
Albaweb,4
Albedier,10
Albedrio Partners,7
Albentia Systems,10
Albeo Technologies,10
Alberta Arborists,7
Alberta Safety and Auditing Service,7
Alberto Hurtado University,17
Albion,7
Albion Innovations,7
"Albrechta and Coble, Ltd",10
Albumcorner,10
Albuquerque Dish Network Authorized Retailer,7
Albuquerque Image Products,10
Albus Technologies,16
Albymedia,2
Alcachofa Soft,2
Alcala Consulting,7
Alcance Media Group,14
Alcantara Media,14
Alcatel-Lucent,10
Alchaemy,10
Alchemist Technologies,10
Alchemy,10
Alchemy Games,2
Alchemy Labs,10
Alchemy Viral,1
AlchemyAPI,4
Alchetron,4
Alcolea & Abellan,14
Alcomi,2
Alcon,10
Alconost,2
Alconost Nitro,7
Alconost Video,10
Alcove9,0
Alcubic,10
Alder Family Dentistry,10
Alderleaf Wilderness College,17
Aldiko Limited,10
Aldo Motors,10
AldoMedia,12
Aldor Solutions,12
Aldous,7
Aldrige Law Group,10
Alea,10
AleafAsia International,10
Alefo Interactive,3
Aleksandra Russian Date,10
Alekto,10
Alemad Rent a Car,10
AlephD,0
Alereon,4
Alert Logic,5
Alert Management Systems,10
AlertBot,10
AlertFox,4
AlertaPhone,10
Alertia,7
Alerts,10
Alesis,10
Aleveo,17
Alex Frisch VFX,10
Alex Heiphetz Group,16
Alex Jeffries Photography Group,10
Alex Manos,10
Alex Meyerovich - Immigration Lawyer,10
Alex and Ani,10
Alexa Mouldings,10
Alexander Ash,7
Alexander Law Firm,10
Alexico Group,10
Alfa,7
Alfa InfoTech Solutions,12
Alfa Institute Of Mobile Technology,8
Alfa weighing scale,10
AlfaCon,17
AlfaWeighing Solutions,10
Alfabet Data Solutions,7
Alfabetic,10
Alfaro Energy,10
Alfred Lane,10
Alfresco,10
Alfy,4
AlgEvolve,10
Algal Scientific,10
Algebra Homework Help,10
Algentis,10
Algo-Logic Systems,0
AlgoFast,10
AlgoValue,10
Algolia,10
Algonquin Orthodontics,10
Algoriddim,9
Algorithmia,10
Algoritz Technologies,1
AlgosysFx,10
Algoware,10
Algowire Technologies,10
Algramo,10
Alhambra-Eidos,7
Alianza,7
Alianzit Consulting,7
Alianzo,14
Alibaba,14
Alicanto,14
Alice Healy Photography,7
Alien Interactive AB,10
Alien Software,10
Alien Ventures,7
AlienFast,10
AlienServe,10
AlienVault,5
AlignTech Solutions LLC,7
Aligned Global,14
Aligned Signs,7
Alikewise,3
Alimay Sports,10
Alimera Sciences,10
Alipay,10
Alireta,16
Alisoft,7
Alison Foskey Insurance,5
Alister & Paine,3
Alizem,4
Alkaid,4
Alkali Media,16
Alkami Technology,7
Alkol,10
All About Jazz,10
All About Markets,10
All America Auto Transport,10
All American Roofing Company,7
All Best NYC Manhattan Movers,7
All Business Cards,10
All Business PK,3
All Call Technologies,7
All Casting Social Network,10
All Covered,7
All Days Music,10
All Deals Asia,9
All Docs,10
All Domestic Cabinets,10
All Dry tristats,10
All Events in city,11
All Flash Files,8
All Free Bets,10
All Holiday Rentals,3
All Hours Plumbing and Drain,10
All IT Supported,7
All In Solutions,10
All Inclusive Collection,11
All India Guide,10
All Luxury Holidays,10
All Media Worx,14
All My Data,0
All My Faves,3
All My Tech Talk,10
All Occasion Beanbafs,10
All Out Moving,10
All Over Geo,3
All Pro Appliance Repair,7
All Pro Door Repair,10
All Property Management,3
All Reverse Mortgage,10
All Safe Mini Storage,10
All Saints Eye Center,10
All Season,10
All Seasons Homecare,10
All Star Gymnastics & Cheer,10
All Star Paving & Sealing,7
All Star Secure Shred,5
All Star Vacation Homes,10
All Stores Deliver,1
All Systems Installation,5
All The Deals,10
All Things Now,10
All Things Wishful,10
All Together Now,7
All Trade Services General Buildersl,7
All Vegas Auto Glass,10
All Voices International,10
All Week Walls,10
All Winnipeg,7
All for Good,3
All on Depression Help,10
All pro Deck,10
All-In Marketing,14
All-rankings,10
All4Coaches,10
AllAboutCareers,17
AllAnonymity,10
AllBinary,2
AllCoupon Japan Corporation,3
AllDealsOZ,3
AllDigital,14
AllFocus,9
AllForwarders,10
AllMyTrips,12
AllOfVPN,5
AllPeers,10
AllRise,7
AllSeated,11
AllSprtz,10
AllStarWeek,11
AllTheRooms,10
AllThingsTechSavvy,18
AllTreatment,10
AllUniversityAssignments,17
AllWorkKnowPlay,10
AllYearbooks,17
AllYouCanUpload,3
AllYourGame,2
Allahabad Law Agency,10
Allardice Group,12
Allayo,10
Allclasses,1
Alle Kerstpakketten XL,10
Allea Solutions,7
Alleantia,4
Allegria,10
Allegro Music & Dance,10
Allegro Visual Productions,10
Allen Communication Learning Services,10
Allen Matkins,10
Allen Partners,10
Allen Sportswear,10
Allen and Caron,10
Allens of Mayfair,10
Allergy & Asthma Associates,10
Allergy & Asthma Associates: Mathena Julee,17
Allerin Tech Pvt Ltd,4
Allessparen,10
Alletronic,7
Alley Interactive,10
Alley Technology,7
AlleyNYC,10
AlleyWatch,10
AlleyWire,10
Allfiled,0
Alliance Capital Funding,10
Alliance Card,10
Alliance Insurance Group,10
Alliance Interactive,1
Alliance Organics,10
Alliance Softech Pvt Ltd,12
Alliance Team Inc,7
Alliance for Manufacturing and Technology,7
AllianceTek,7
Allianz Digital Accelerator,10
Allied American University,17
Allied Brokers,10
Allied Commerce,4
Allied Communications,10
Allied Components International,10
Allied Consultants,4
Allied Health Sciences Pvt Ltd,10
Allied Home Warranty,10
Allied Market Research,14
Allied Medical Technologies,10
Allied Pacific Sports Network,10
Allied Plastic Lumber LLC,10
Allied Schools,17
Allied Scientific Pro,10
Allied Strategy,10
Allied Technical Services,12
Allied Vision Services,10
Allied Worldwide Limited,7
Alligato Mobile,8
Alligator Capital,10
Allinnova,10
Allinosvemos,11
Allivet,10
Allmoxy,7
Allmyapps,9
AlloCreche,10
Allocab,8
Allocadia,14
Allocate,10
AllofMP3,10
AllofMe,11
Allogarage,10
Alloka,3
AllowanceTree,10
Alloy Structures,10
Alloy Technologies,7
Allpe Ingenieria y medio ambiente,10
Allryder,9
Allsorts Promotional Products,10
Allstar Security & Consulting Inc,5
Allstate,10
Allthings,10
Alltuition,17
Allure Dance,17
Allure Energy,10
Allure Media,10
Allure Portraiture,12
Allurez,10
Alluring Logic,0
Allversity,17
Allvoices,3
Allworx,7
Allyes Advertisement Network,19
Alma,17
Alma School Pawn and Gold,10
Almeda University,17
Alminder,10
Almira Labs,9
Almond Host,3
Almost Famous,10
Alnara Pharmaceuticals,10
Aloha Startups,10
Alohar Mobile,9
Alok Overseas,12
AlooTechie,14
Aloqa,11
Alorum,14
Alotofus,10
Aloyd Fitness Equipment Ltd,10
Alpaka Piruw,10
Alpari (UK),10
Alpeco,10
Alpha Advertising Ltd,14
Alpha Brand Media,14
Alpha Channel Media,14
Alpha Cloud Labs,0
Alpha Digital,1
Alpha Gamma Productions,9
Alpha Holiday Lettings,10
Alpha Outlook,10
Alpha Payments Cloud,10
Alpha SEO Consultancy,1
Alpha SEP,1
Alpha Score,17
Alpha Software,4
Alpha Software Technologies India,7
Alpha Systems Ltd  ( Mauritius ),3
Alpha Technics,10
Alpha Twitter,3
Alpha VR,10
Alpha Weblab,12
Alpha sandesh,14
Alpha-Financials,7
AlphaBeta Labs,17
AlphaBoost,14
AlphaBricks Technologies,7
AlphaCard,10
AlphaChemika,10
AlphaClone,10
AlphaEMS Corp,10
AlphaFlightGuru,10
AlphaGenius,0
AlphaNation,10
AlphaPoint Technology,0
AlphaSights,10
AlphaStripe,10
AlphaTeam,4
AlphaTrade,14
AlphaVBox,7
Alphabet Energy,10
Alphabird,10
Alphabuyer,10
Alphadore,7
Alphalem,10
Alpharegul,10
Alphastudy learning and knowledge portals,17
Alpheon Corporation,7
Alphonso Inc,9
Alpine Access,7
Alpine Asian Treks and Expedition,10
Alpine Data Labs,0
Alpybus,7
Alquad Education,17
Alquemie Studios,9
Alquiler Argentina,10
Alquileres Al Evento,11
Already Maid,7
Alrise Biosystems,10
Alsamarketing,14
Alsayegh Media,14
Alsbridge,7
Alshain,8
AlsterTouch,10
Alstrasoft,10
Alt & Walch,10
Alt Energy Station,10
Alt-team,7
AltCareer,3
AltSchool,17
AltSearchEngines,1
Alta Dental Care,10
Alta Editions,10
Alta Mira Recovery Programs,10
Alta Vista Aero,10
Altaaat Leadership Development Institute,10
Altadyn,10
Altaine,16
Altair Prep,17
Altaro Software,10
Altavoz,10
Altaware,5
Altea,7
Alten Products Company,10
Alter-G,10
AlterG,10
AlterGeo,8
Altera,10
Altergaia,7
Alterian,14
Alternate Systems,10
Alternative Mortgage Financing,10
Alternative To All,4
Alternative Whitewater Adventures,7
AlternativeTo,3
Alternion,10
Altersage,1
Alterware,10
Alterwave,8
AltexSoft,4
Altibase,0
Altic Lock Service,10
Altierre,10
Altima Technologies,0
Altiostar Networks,10
Altiria,8
Altitude Digital,19
Altitude Mobility,8
Altitude Shoes,10
Altitude Software,10
Altius Customer Services,7
Altmetric,10
Altobridge,8
Altodot,2
Altos Marketing,14
Altos Research,14
Altova,10
AltraSensor,4
Altran Praxis,1
Altruista Health,10
AlumTalks,10
Aluminate Siding and Windows Inc,10
Alumnay,10
Alumni Labs,4
Alumni Spaces,10
AlumniFunder,10
Alumnize,10
Aluna Games,2
Alvento,11
Always Best Care,10
Always Best Care Birmingham,10
Always Best Care Cartersville,10
Always Best Care Franchise,10
Always Best Care Manhattan Beach,10
Always Best Care Tampa,10
Always Prepped,17
AlwaysOnPC,10
AlwaysOnTrip,10
Alwayswater,4
Am Megatech,9
AmCheck,7
Amadesa,7
Amadeus,7
Amadeus Consulting,16
Amadix,10
Amahi,9
Amain Infotech,12
Amanager,10
Amanda Donis Therapeutic Massage,10
Amandustechnologies,7
Amani Medspa,10
Amantel,10
Amar Infotech,10
Amara Living,10
Amara Software,10
Amaranto Eurogroup,10
Amaris Custom Homes,10
Amarok Multimedia,7
Amart Design,19
Amaryllo International,5
Amassed Lust Entertainment,4
Amastaneh,4
Amasty,10
Amatei,7
Amateras,14
Amati Foundation,10
Amaya Gaming,2
Amaze,15
Amaze Media,3
Amazee,10
Amazigg,0
Amazing Bachelorette Party,10
Amazing Comfort Air Conditioning & Heating Service,7
Amazing Decks,10
Amazing Dental,10
Amazing Health Ltd,10
Amazing Internships,17
Amazing Kisumu,14
Amazing Laser,10
Amazing Lunch Club,10
Amazing Print,10
Amazing Solutions,7
Amazing Spaces,10
Amazing Voucher Codes,10
Amazing Worlds,10
Amazing Wristbands,10
AmazingLife,7
Amazinghind,10
Amazon,10
Amazon Filler Item Finder,1
Amazon Mining,10
Amazon Relocation Moving & Storage,10
AmazonPriceTracker,10
Ambarella,10
Ambassador,4
Amber Centre,10
Amber Games,2
AmberBit,4
AmberCart,3
AmberMedia,12
Ambercare,10
Ambey Network Systems,7
Ambi Labs,10
Ambica Machine Tools,10
Ambient Industries,10
Ambient Rings,10
Ambiental,10
Ambit Energy,10
Ambitweb,3
Ambivo,10
Ambow Education,17
Ambry,7
Ambs Call Center,7
Ambur,10
Ambush Security Services,5
Amdam Webdesign,18
Amdelia,19
Amectronix,17
Amelya,7
Amerasia Consulting Group,7
AmeriCommerce,10
AmeriCorps Alums,10
AmeriGlide,8
AmeriHome Inspection Services,10
AmeriProd,3
"America Traffic School, LLC",10
America on Watch,5
America's Home Energy Rating Org,10
America's Job Exchange,10
American Academy of CPR and First Aid,10
American Academy of Cosmetic Surgery Hospital,10
American Academy of Facial Plastic and Reconstructive Surgery,10
American Advisors Group,10
American Alloy Fabricators,10
American Animal Care Center,10
American Broadband Family of Companies,7
American CV Store,10
American Civics Exchange,10
American Classified Services,19
American Cosmetology Board,10
American DG Energy,10
American Data Networks,0
American Direct Insurance Services,10
American Eyecare,10
American Flowers,10
American Freight Furniture and Mattress,10
American Graphics Institute,10
American Hard Assets,10
American Heated Gutter Systems,10
American Higher Education Development,17
American Image Displays,10
American Income Life Insurance Company,10
American Injury Attorney Group,10
American InterContinental University (AIU),17
American International Gemologists,10
American Internet Services (AIS),7
American Kidz Academy,10
American Kitchen Corporation,10
American Language University,17
American Limousine Sales,10
American Marketing & Mailing Services,14
American Medical and Information Services,10
American Mortgage & Equity Consultants,10
American PayPerClick,7
American Philatelic Foundation,10
American Pole and Timber,10
American Public Media,3
American Ramp Company,10
American Resource & Energy,10
American Safety Associates,10
American Securities,10
American Skin Institute - Westlake Village,10
American Story Channel,10
American Superstar Magazine,3
American Truck Boxes,10
American University of Health Sciences,17
American Water Kinetico,10
American Wireless,7
AmericaneLiquidStore,10
Americanlisted,10
Americas News Now,3
Americas Tax Office,10
Americo Direct Insurance,7
Amerifun,2
Amerinational Management Services (AMS),17
Ameritech Pest Control Services,10
Ameritek Painting,7
Ameritocracy,3
Amerman Creative,12
Amerpages,7
Amesbarry Chiropractic,10
Amethon Solutions,8
Ameyaa Infosolution PVT LTD,4
Amgonna,10
AmiProject,7
Amicarde,10
Amicus,10
Amidalla,1
Amigo da Cultura,10
AmigoExpress,18
Amigobulls,10
Amiigo,10
AmilalRamkishan Dass,10
Amilia,10
Amilia Enterprise,10
Amilin TV,14
Aminus3,10
Amipart,10
Amiquo,2
Amir Holdings,10
Amirthakadeswarer Exporters,10
AmisaLabs,1
Amit Polymers,10
Amity,10
Amiweb,10
Amkette,10
Ammado,10
Ammunition Group,12
Ammunition2go,10
Amnesia Group,14
AmnesiaGames,2
Amo Muito,10
Amobee,19
Amobilefuture,16
AmongTech,10
Amonous Technologies,12
Amoobi,10
Amoove,10
Amoralia,10
Amore Classic,10
Amos Content Group,3
Amovens,11
AmpIdea,10
Ampac Forwarding,10
Amped Software,10
Ampella Groupe,7
Ampere Software Private Limited,4
Amperion,4
Ampersand Commerce,4
Ampersand Commerce,4
Ampersand Translations,10
Amphisec Technologies,5
Ample,10
AmpleTrails,17
Amplex Internet,7
Ampley,10
Amplicate,14
Amplidata,10
Amplified Analytics,14
Amplifier,10
Amplifinity,14
Amplify,8
Amplify Health,10
Amplify Interactive,1
Amprewave Media,14
Ampulet,0
Amristar,0
Amrita Financial,10
Amrocket,1
Amsca Boat Rental Dubai,7
Amsterdam City Tours,10
Amsterdam Coffee Roasters,10
Amsterdam Hotel London,7
Amsterdam Printing,10
Amsterdam Stay,10
Amsys,7
Amtera Semantic Technologies,0
Amtify,10
Amulyte,10
Amura Marketing Technologies,14
Amurco,10
Amuso,2
Amvona,10
Amvos,7
Amyris Biotechnologies,10
Amystory,3
Amzini,3
Amzy,10
Ameredia,14
An IT Solution,4
Ana B3almak,10
Anagha Group,7
Anagram Technologies,10
Anahata Technologies Pty Ltd,7
Anaheim Signs,10
Analiza Strategic Management,10
Analog Creative Inc,12
Analog Rails,10
Analyst Zone,7
Analytical Graphics,10
Analytical Path,9
Analytics Egg,14
Analytics Intelligence,0
Analytics Ninja,14
Analytics Portfolio,10
Analytics SEO,3
Analytics Vidhya,17
Analyticsworks,10
Analytique Research,7
AnalytixInsight,10
AnalytixWare,10
Analyza Technologies,12
Anametrix,14
Anamo,10
Anand Enterprises,10
Anand Industries,10
Anand Systems,10
"Ananias, Ltd",12
Anant,7
Ananto,0
Ananya SEO Company,1
Anapsis,10
Anavaran Investment,10
Anaxago,10
Anca3D,16
Ancha Castilla,14
Anchor,10
Anchor Bay Technologies,10
Anchor Communications,12
Anchor Mobile,8
"Anchor Network Solutions, Inc",7
AnchorFree,5
AncientFaces,10
Anctu,0
AndBOT,9
AndSpot,6
Andaman Dive Club,10
Andelion,10
Andersen & Andersen Estates,10
Andersen Environmental,7
Anderson & Jacoby,10
Anderson Carpet Cleaning,13
Anderson Physical Therapy LLC,10
AndesTransit,10
Andex,10
Andila Shopping Catalogue,10
AndinaTech,8
Ando Media,19
"Andon Guenther Design, LLC",12
Andover Printing Services,7
Andrade Global,1
Andrade Law Offices,10
Andrea Reviews,10
Andree Poulin,18
Andrew Hudson's Jobs List,10
Andrew Thwaite Gas & Plumbing,7
Andrew Werth Attorney - Central Law Group,10
Andrews Signwriters,10
Andrisoft,10
AndroBioSys,10
Android,9
Android App Maker,6
Android App Review Source,6
Android Applications Programmer,16
Android Enjoyed,10
Android Headlines,10
Android Vesti,3
AndroidAppsDeveloper,9
AndroidPIT,10
AndroidTeq,9
Androidster,10
Androidudes,16
Andromeda Pedasi,10
Anduril Retail,10
Andy Kuiper - SEO Analyst,1
Andypops Media,12
Andys Frozen Custard,7
Anedot,8
Anekasoft ltd,12
Anekdotz,6
Anemoi Renovables,10
Anexa,10
Angel Capital Group,10
Angel City Jewelers,10
Angel Home Healthcare Services,10
Angel Imagery,10
Angel Tour & Travels Private Limited,10
Angel Web Media,14
Angel's Wish List,10
Angel-List,10
AngelGallons,14
AngelHack,11
AngelList,10
AngelPolitics,10
Angela & Roi,10
Angela Anderson Law,7
Angela Daniel Earrings,12
Angelitos,10
Angell Echo,6
"Angellight - Web Services, Domain Names, Hosting",1
Angelmeds,10
Angelo Roofing,10
Angelor,10
Angels & Hearts: Harajuku Creperie,10
Angels Den,10
Anghami,10
Angie's Bridal,12
Angie's List,7
Angle,10
Angle House Orthodontics,10
Angooor,10
Angrygold,10
Angstro,7
Anhui Oprensource Software,10
Ani Marketing Service,14
Aniboom,10
Anideo,9
Aniika,12
Anil Labs,4
Anima Augusta Com,18
Animacion Servicios Educativos,18
Animal SEO,1
Animal Support,10
Animal Vegetable Mineral Limited,10
AnimalSystem,10
Animalvitae,10
Animantix Studios,7
Animated Media,4
Animated-Gif-Creator,10
Animatic,9
Animation Carnival,10
Animation Dynamics,14
Animax Entertainment,2
Anime Kida,10
Anime Kiosk,3
Anime News Network,10
Anime Papers,10
AnimeHorizon,3
AnimeKida,10
Animeeple,10
Animepalm,3
Animoto,10
Anionu,4
Anipass,7
Anipipo,10
Anistock,10
Aniwaa,10
Aniways,7
Anjer Inc,7
Anju Infotech,8
Anjuno,2
Ankara Patent,10
Anki,10
Ankit Advertising Pvt Ltd,19
Ankita Enterprises,10
Ankoder,7
Anliatec Technology,10
Anna Colibri,14
Anna Williams,3
Annap Interactive Solutions Private Limited,10
Annas Car Title Loans,10
Anne Arundel Dermatology,10
Anne Furbank Fashions Ltd,10
Annelik ve Gebelik,10
Annex Products,8
Anneysen Bilisim Teknolojileri Reklam Yayincilik ve Iletisim Hizmetleri,3
Annguss Graduaciones,18
Annonces legales LItinerant,18
Annotary,10
AnnounceSchool,11
Annuity Digest,3
Anny B Vera DDS PA,10
AnoLogix,4
Anomaly Innovations,10
Anonymizer,5
Anonymous Hosting,10
Anonymous You,3
AnonymousAds,19
Anoomi,10
Another Day In The GameForum  Another Day In The Game,10
Anphabe JSC,3
Anpro21,4
Ansamb,10
Ansaonline Shopping Store,10
Ansarada,0
Anser Services,7
Anshe Chung,2
Answer Blip,3
Answer Underground,17
AnswerLab,3
AnswerOil,10
AnswerPack,1
AnswerToit,14
Answerbase,3
Answers for AWS,7
Ant's Eye View,10
AntVoice,10
Antal International,1
Antara Software & Consulting,10
Antarctica Digital,19
Antavo,15
Ante Up,10
Antedote,10
Antegrin Therapeutics,4
Antelink,4
Antelope,14
Antenna,10
Antennas Direct,10
Antevenio,14
Antezeta,1
Antflame Bio Ethanol Fireplace,10
Antfort People Technologies,10
Anthem Periodontics and Dental Implants,10
Anthillz,10
Anthm,10
Anthony Robbins Company,7
Anticipatory Media,10
Antics Digital Marketing,14
Antics Media,4
Anticto,8
Antidox,14
Antietam Call Center,7
Antioch Community Church,10
Antique Engagement Rings - GemLN Jewelers,10
Antique Teddy Bears,10
Antiques Period Boston,10
Antiquities International,10
Antis,9
Isarna Therapeutics GmbH,10
Antler,10
Anton Capital,10
Antonio Carvalho Fernandes Consulting,10
Antony Batty,10
Antoon Family Dental,10
Antrix Associates,10
Antropomedia,10
Ants Marching - Creative Strategies,14
Antstorm,10
Anturis,10
Antzcamp Information Systems,10
Anubavam,4
Anubii Official,10
Anubisnetworks,5
Anuncia Inmuebles,18
Anuncia me,15
Anuntis-SegundaMano (Schibsted),10
Anurag Tomar & Associate,10
Anuvatech,1
Anvato,15
Anvil,9
Anvil View Guest House,10
Anwers Lab,3
Anwesha CRM,10
Anxa,3
Any Time Garage Door Canby,10
AnyClip,3
AnyCloud,7
AnyFu,10
AnyLeaf,10
AnyList,10
AnyLogic North America,10
AnyOption Online,10
AnyPCTrouble,7
AnyPerk,10
AnyPresence,6
AnyPrice,10
AnySilicon,12
AnySource Media,0
AnyTube Downloader,10
Anyadir Education,17
Anybill,7
Anyblabla,10
AnybodyOutThere,10
Anybots,8
Anyfi Networks,10
Anygma,10
Anylrn,17
Anyone Want To,10
Anytime Locksmiths,7
Anyvite,11
Anyway Engineering,10
Anywear,9
Anywhere,10
Anywhere software,8
Anzen Soluciones,4
Aobi Island,10
Aonergy Ventures,1
Aorato,10
Aotea Studios,7
Ap1ication,8
Apache Group srl,18
Apadmi,6
Apaja,2
Apalon,9
Apandor,6
Aparo Analytics,0
Apartable,10
Aparti Systems,10
Apartli,10
Apartment Adda,10
Apartment Guardian,10
Apartment Living Guide,1
Apartment Ninjas,10
Apartment Number 9,10
ApartmentADDA,10
ApartmentRatings,3
Apartments Israel,10
Apartments Of London,10
Apatar,0
Apcera,10
Apdak,19
Ape & Apple,10
Apeiront,16
Aperina Studios,10
Aperto Networks,7
Apertus Pharmaceuticals,10
Apex Construction,10
Apex Direct Search,10
Apex Exhibition Designs,10
Apex Generators,7
Apex Global Solutions,1
Apex Inn Saket,10
Apex Investment Services,10
Apex Magnets,10
Apex Pressure Washers,10
Apex Software,4
Apex Tier Technologies,10
Apex Web Technologies,0
Apex air,7
ApexCCTV,5
ApexSQL,0
ApexTwo,10
Apexacore,16
Apexbytes,1
Apgisa,7
Apiary,7
Apica,4
Apicube,10
Apieron,10
Apigee,7
Apiphany,5
ApiraSol,7
ApkKarT,6
Apkudo,10
Aplay Studios,2
ApliMovil Consulting,7
Aplicalia,10
Aplos Software,10
Aplusmedia,12
Aplyss,4
Apmetrix,0
Apna Cashback,10
ApnaBand,10
ApnaCircle,3
ApnaComplex,10
ApnaCourse,10
ApnaUdaipur,19
Apogee Search,14
ApogeeInvent,4
Apolis Media,10
Apollo Advertising Ltd,10
Apollo Gate Openers,10
Apollo Interactive,14
Apollo Stamp Company,10
Apolo Energia,10
ApontaOfertas,10
Apontador,8
Aportstorage,10
Aporv,10
Apothecarie New York,10
Apozy,5
App Academy,17
App Advocate,6
App Annie,6
App Burg,4
App Champ,6
App Creation Network,9
App Cubby,4
App Developer Magazine,9
App Enlight,9
App Giveaway,6
App Insights,6
App Partner Development,9
App Promo,14
App Rotator,9
App Sandwich,9
App Shopper,4
App Store Apps,6
App Success,17
App Your Service,6
App in the Air,10
App-Techs,9
App47,16
AppAdapt,9
AppAdvisors,6
AppAppeal,6
AppArchitect,6
AppAssure Software,4
AppCard,10
AppCarousel,9
AppCell Systems,7
AppCertain,8
AppClover,6
AppCourses,8
AppCurate,6
AppCurious,6
AppDirect,7
AppDiscover,6
AppDupe,9
AppDynamics,9
AppFirst,0
AppFlower,4
AppFury,9
AppFusions,10
AppFutura,6
AppGate Network Security,5
AppGeek,9
AppGlu,9
AppGratis,9
AppGreedy,4
AppGreen,8
AppGyver,6
AppHeros,6
AppInder,16
AppInstitute,6
AppInstruct,6
AppIt Ventures,9
AppJet,4
AppJobber,9
AppKey,9
AppLabs,7
AppLabs Digital Studios,8
AppLaunchPR,16
AppLayer,7
AppLiaison,9
AppLift,2
Recoil,16
AppMakers,9
AppMakr,6
AppMarketingAgentur,6
AppMatrix,16
AppMesh,8
AppMobilize,9
AppMoni,9
AppMonsta,0
AppMyDay,11
AppMyWorld,6
AppNeta,4
AppNinjas,10
AppNotch,9
AppNowGo!,4
AppOvation,16
AppPad,0
AppPax,0
AppPrizes,2
AppRedeem,9
AppReview4U,9
AppRiver,5
AppSEO Tech,12
AppSame,10
AppSense,10
AppShed,6
AppShore,10
AppShows,6
AppSlingr,5
AppSocial Media,8
AppSocially,9
AppSpyre,4
AppStoreHQ,16
AppStudioz Technologies,9
AppSuite,4
AppSurfer,9
AppTap,6
AppTech Corp,16
AppThwack,9
AppTornado,6
AppTradr,6
AppTrainers,4
AppTwits,9
AppUseful,9
AppVault,10
AppVee,8
AppVersal,6
AppViewX,4
AppVoyage,9
AppWhirl,6
AppXen,10
AppZab,4
AppZero,4
AppZorz,16
AppaDeus,9
Appacitive Software,4
Appadia,6
Appafone,8
Appalladium,8
Appaloosa-Store,9
Apparel US,10
Apparel WearHaus,10
Apparelnbags,10
Apparelopolis,10
Apparent,5
Apparent Corporation,12
Apparly,10
Appartisan,4
Appatista,9
Appatyze,19
Appavior Media Corporation,9
Appbistro,4
Appboy,9
Appcase,6
Appcelerator,16
Appco  Group Spain,10
Appco Group,14
Appco Group Belgium,10
Appco Group Brasil,14
Appco Group Canada,10
Appco Group Greece,10
Appco Group Hong Kong,10
Appco Group India,14
Appco Group Indonesia,10
Appco Group Malaysia,10
Appco Group Poland,10
Appco Group Singapore,10
Appco Group Thailand,10
Appco Group USA,10
Appconomy,9
Appcore,10
Appcraft Technology,16
Appcropolis,8
Appeagle,10
Appear Here,10
APPEK Mobile Apps,6
Appello,8
Appen,10
Appency,6
AppendCentral,14
Appengo,8
Appentra,4
Apperceptive,3
Appercode,16
Apperian,8
Apperson Labs,16
Appetas,14
Appetise,3
Appetite+,6
Appetites,10
Appetize,8
Appetizer Mobile,16
Appetude,3
Appface Technologies Pvt Ltd,9
Appfluence,10
Appfrica,4
Appguppy,6
Appia,9
Appian,7
Appible,8
Appies,9
Appifier,6
Appiness Interactive,10
Appington,9
Appinions,14
Appirio,10
Appitalism,9
Appity Slap,9
Appizio,6
Appizon,6
Apple,10
Apple Capital Group,14
Apple Pie,10
Apple Shark,10
AppleLeak,10
ApplePOPDesign,7
ApplePOPSupport,7
AppleXsoft Data Recovery,10
Appliance Company,7
Appliance Electrician,7
Appliance Foundry,10
Appliance Geeks,10
Appliance Repair Fredericksburg VA,10
Appliances Connection,7
Appliances Online,10
Applica99,4
Applicant Tracking,7
Applicasa,2
Applicaster,8
Applicat,16
Applicata,14
Application Craft,16
Application Developers Alliance,4
Application Experts,9
Application Nexus,9
Application Store Optimization,6
Application for Site,3
Applicationworx,8
Applicatix,2
Applico,14
Applicology,9
Applicom,4
Applied Asian Languages,10
Applied Direct Services Corporation (ADSC),7
Applied Genetics Technologies Corporation,10
Applied Language Solutions,10
Applied Laser,10
Applied Marketing Strategies,14
Applied Operations,10
Applied Quantum Technologies,10
"Applied Quantum Technologies (Durham, NC)",7
Applied Research Associates,10
Applied StemCell,10
Applied Technologies Company,4
Applied Users,10
AppliedTrust,5
Applified,8
Applifier,4
Applingua,7
Applix,9
Appliya,9
Apploors,8
Applosophy,10
Appluna,8
Applus,10
Apply in the Sky,17
ApplyIQ,10
Applycorner,4
Applyed,17
Applyful,17
Appmiral,11
Appnetic,8
Appnext,15
Appnormals,2
Appnovation Technologies,3
Appogee,9
Appointedd,10
Appointment Status,10
AppointmentCity,7
Appointmentscript,10
Appointmind,7
Appoke,6
Appolicious,6
Apportable,4
Appostrophic,9
Appota,10
Appount,4
Appoxee,6
Appoyo,14
Apppli,8
Appraisify,7
Apprats,10
Appreciation Event,11
Apprema,10
Appremix,4
Apprenda,4
Apprentus,17
Appricot,9
Apprika Systems,4
Appropos,10
ApproveForMe,10
Approved Home Improvement Service,7
Apps 4 Cheap,4
Apps Capital,2
Apps Culture,9
Apps Launcher,6
Apps Mav,6
Apps Over Easy,9
Apps Run The World,4
Apps Workbench,6
Apps2you,16
Apps4All,6
Apps4Just99Cents,4
Apps4Pro,9
AppsBidder,16
AppsBuilder,9
AppsFlyer,8
AppsFuel,9
AppsFunder,6
AppsGeyser,6
AppsHawk,6
AppsPit,16
AppsRooster,6
AppsTech,4
AppsVersusRobots,9
Appsactly,9
Appsaic,9
Appsbee Solutions,4
Appscalate,9
Appscend,16
Appscient,16
Appscio,10
Appsco,9
Appscribe,9
Appsecute,4
Appsembler,7
Appsfire,6
Appsix,8
Appsix Mobile,8
Appsknack,16
Appslab,2
Appsmakerstore,6
Appsmoment,6
Appsolute Genius,9
Appsta,9
Appsterpiece,6
Appstrakt,8
Appsurdity,6
Apptamin,6
Apptegy,9
Apptentive,9
Apptha,10
Appthority,6
Apptility Software,4
Apptio,7
Apptism,6
Apptitude,9
Apptivation,8
Apptive,9
Apptivo,7
Apptizr,6
Apptlantis,6
Apptly,2
Appto Us,6
Apptology,9
Apptraction,9
Apptricity,7
Apptus Mobile,8
Appular,6
Appulate,0
Appulento,8
Appuonline,14
Appuri,0
Appurify,9
Appuware,6
Appvance,6
Appvation,9
Appvetica,6
Appwapp,16
Appway,10
Appwiz,4
Appy,6
Appy Entertainment,9
Appy Pie,6
AppyTaps,9
AppyZoo,9
Appysnap,10
Appyzilla,9
Aprendelo,17
Apreso Classroom,17
Apricot Hill,10
Apricot Lane,10
April Stites Photography,10
Aprilage,10
Apriltech,4
Aprimo,14
Apriva,5
Aprix Solutions,14
AproPLAN,10
Apronpoint,10
Apsalar,8
Apse,4
Apsima,9
Apsiyon,10
Apsu Trading,7
Apsys Technologies,12
AptDeco,10
Aptaid,10
Aptana,4
Aptaria,4
Aptech Computer Systems,7
Apteco Limited,0
Aptera,10
Aptible,4
Aptidata,0
Aptilo Networks,0
Aptimize,3
Aptito,8
Aptitude Staffing Solutions,10
Aptocore,2
Aptora Corporation,10
Apttus,10
Apture,3
Aptus Systems,7
Aptus Therapy Services,10
Aqayo,4
Aqsa Garments,10
Aqua Inks,10
Aqua Magna,10
AquaFold,0
AquaMobile,5
Aquacote,10
Aquadize Studios,2
Aqualibrium,10
Aqualine Corporation,10
Aquapeutics,7
Aquariform Designs,6
Aquasafe Powerboat School,17
Aquasense International Corporation,10
Aquaspy,10
Aquavation,11
Aqueity,7
Aquere Social Media,14
Aquevix Solutions,4
Aquilawebs,4
Aquilon ERP Software,7
Aquion Energy,10
Aqumin,14
Aquo,4
Aquos pools,10
Aqwise,10
ArCar Classic Cars,10
ArKaos,10
Ara Technology,8
Arab Business Review,7
ArabCrunch,10
ArabHardware,10
Arabeya Arabic Language Institute,17
Arabian Sinbad,10
Arabian Yachting,10
Arabic Genie,10
Arabic IT News Portal,10
Arabicollege,17
Arabreneur,10
Arachnid Productions,10
ArachnidWorks Advertising Agency,12
Arachnys,14
Aradiom,8
Arado Websearch,10
Arag,10
Aragon Pharmaceuticals,10
Aragorn Technologies,0
Arahant,4
Arambla Group LLC,10
Aranca,7
Araneo,8
Araneux,12
ArangoDB,0
Aranis Technologies,16
Aranzamendez Design,12
Aras,4
Arasan Chip Systems,10
Aratos Technologies,7
Arbor Ridge Family Dental,10
Arboreal,10
Arbour Group LLC,7
Arbox Packaging & supply,7
Arbsource,10
Arc 3 Communications,14
Arc 9,10
Arc Mobile,8
Arc Rua,17
Arc Solutions Canada,10
ArcGeosystems,7
ArcMail,10
ArcSSET,0
ArcSoft,8
ArcStone Technologies,12
ArcTouch,9
ArcView Group,9
ArcaNatura LLC,10
Arcade Design,12
Arcadia Leads,14
Arcadia Leads Internet Marketing Services,14
Arcana,10
Arcaris,10
Arcestra,14
Arch,9
Arch Academy of Design,12
Arch Grants,7
ArchLive TV,10
Archean Group,7
Archello,12
Archer & Greiner Intelluctual Property,7
ArcherMind Technology,7
Archerdog Creative,12
Archetype Partners,8
ArchiSnapper,3
Archib Venture Advisers,10
Archibaldi Studio,10
Archimedia Solutions Group,7
Archiosoft,11
Architech,4
Architects and Schemers,7
Architectural Daily,12
ArchitectureCrossing,10
Architel LP,7
Architizer,10
Architonic,12
Archway Cards,10
Archy,9
Arck Interactive,12
Arcmen Interior,10
Arcode,10
"Arctic Air Refrigeration, Air Conditioning & Heating Ltd",7
Arctic Empire,2
Arctic Pod,10
Arctic Wolf Networks,5
ArcticStartup,10
Arctivity,10
Arcus Advisors,14
Arcus Lending,14
Arcus Solutions,10
Ardant Design,12
Ardeal Soft,10
Ardekay,10
Arden Reed,10
Ardent Capital,10
Ardent iSys,4
Ardist,10
Ardmantle Media,1
Ardor Tech Ventures,14
AreYouPop,10
Area Project Solutions,7
Area Rug styles,10
AreaVibes,10
Areapal,10
Arellia,5
Arello Mobile,16
Arena Asia,10
Arena Creative Stock Imagery,12
Arena Social,4
Arena Solutions,10
Ares Richmedia,2
Arete Digital Imaging,10
Aretta Communications,10
Argadnet,19
Argen Corporation,7
Argento Partners,14
Argil Data Corp,0
Argo Digital Solutions,19
ArgoPay,10
Argon Holdings,10
Argonaut Gold,10
Argos Software,7
Argosy,4
Argosy Wind Power,10
Argrove Ltd,12
ArgueHow,10
Argumentum,10
Argura,10
Argus Insights,10
Argus Labs,8
Argutus Medical,10
Aria Networks,4
Aria Systems,7
Aria systems for Apparel software,4
Arideas,8
Ariel Tree Care,10
Arihant Plastocraft,10
Arihant Webtech,12
ArihantDigi,10
Arima Imports,10
Arimagine,9
Arimaz,10
Arinza,7
Arise Software,7
Arise Virtual Solutions,7
Arisey,10
Arista Networks,0
Aristo Biotech And Life Science,7
Aristo Energy,10
Aristotl,17
Aristotle,0
Aristotle Circle,17
Aristotle's Alexander,4
Arivanza Technologies,17
Arix Web Design,4
Arixia Limited,10
Arixio,10
Arizona Bankruptcy Attorney,10
Arizona Family Dental,10
Arizona Hosted Services,7
Arizona Mortgages,10
Arizona's Multimedia and Video Production - HD,14
Ark IT Solutions,4
ArkWorks,10
Arkadium,2
Arkalogic Systems,8
Arkalogic Transaksi,8
Arkami,10
Arkansas Wood Doors,10
Arke Industries,10
Arkeia Software,0
Arkeo,10
Arkhitech,4
Arkiva,10
Arkivum,5
Arkuda Digital,10
Arkus,7
ArkusNexus,10
Arledia,10
Arlequin Studio,12
Arlington Business Park,7
Arlington Square Bracknell,7
Armadealo,9
Armadillo Aerospace,10
"Arminak & Associates, Inc",10
Armjisoft Digital Rights Management Systems,5
Armor Data Systems,7
Armor For Android,9
ArmoryBids,10
Armos Ventures International,10
Armstead Enterprise,7
Armut,7
Arnaiz Consultores,4
Arnouse Digital Devices,10
Arocho Law Office,10
Arokia IT Pvt Ltd,16
Aroma Cleaning,13
Aroma Web Design,12
Aromyx,10
Aroostook Technologies,7
Arosa Energy,10
Around Knowledge,10
Around Latvia,10
Around The Way,4
Around the Clock Bail Bonds,10
AroundMyHotel,19
AroundWire,10
AroundYou,10
Aroundme Network,10
Arout,10
Aroxo,10
Arpaen,10
Arpin Van Lines,7
Arqball LLC,10
Arquimea Ingeniera,12
Arrae Creative,12
Arras People,7
Array Bridge,7
Array Consultancy Services,7
Array Networks,7
Array Technologies,10
ArrayShield,10
Arredoscout,10
Arrium,10
ArrivalGuides,9
ArriveBefore,10
Arrived,9
Arroba,14
Arrow Electronics,7
Arrow Pressure Washing,10
Ars Technica,3
Arsenal Interactive,10
Arsys,14
Art Asia Imports,10
Art Avant,10
Art In Common,10
Art Of Healing,10
Art Paintings,10
Art Square,11
Art and Technology Holdings,8
Art of BI Software,10
Art of Celebrations,11
Art of Soul Photography,10
Art of War,2
Art-Up,12
Art2Digital InterMedia,1
ArtDB,10
ArtDiscover,11
ArtFire,10
ArtFlock,10
ArtGalleryFree,10
ArtGrove,10
ArtKred,10
ArtMango,12
ArtNeighbor,10
ArtPix,10
ArtRate,10
ArtSnacks,10
ArtSocket,10
ArtSpotter,10
ArtSquare,10
ArtSumo,10
ArtVersion,12
ArtaTechs Software,7
Artabase,14
Artchiteq NME,10
Artdip,10
Arte Y Animacion,10
Artecs Incorporated,10
Artefacts Merchant Acquiring Solution,0
Artefaqs Corporation,3
Arteh,10
Artemis Business Solutions,10
Artesanio,18
Artesian Capital Management,10
Artesian Solutions,14
Artev Global,10
Artezio,7
Artfetch,10
Artfinder,10
Artful Web+Print+Design,12
Artgonia,10
ArthaYantra,10
Arthur Murray Boston,17
Arthur Murray International,10
Arthursfoodcompany,10
ArtiFX,10
Articad,12
Artichokemedia,8
Article Gallery,3
Article Surge,3
ArticleAlley,3
ArticleRanks,3
Articulate,17
Articulate Technologies,10
Artie Dress,10
Artifact,12
Artifex Animation Studios,7
Artificial Life,10
Artificial Solutions,4
Artificus,12
Artiklz,3
Artillery,2
Artionet,7
Artiphon,10
Artisan Exhibits,11
Artisan IP,10
Artisan Mobile,9
Artisfy Networks,10
Artissano,12
Artist Space,10
Artist Spot,10
ArtistCommons,10
ArtistData,3
ArtistEcard,9
ArtistForce,7
ArtistWorks,17
Artistic Edition,10
Artistic Hub,10
Artistir,3
Artistiya,14
Artists Music Guild,7
Artists Recording Collective,10
Artixa,14
Artjoker Digital,10
Artklikk,9
Artlog,11
Artmajeur,10
Artmov,4
Artolo,10
Artoo,7
"Artpreferred, LLC",10
ArtrA,4
Artrise,10
Arts Alliance Media,10
Arts Avenue,11
ArtsApp,4
ArtsMelange,10
Artscrowd,10
Artsgraphica,10
Artsicle,10
Artsy Editor,10
Artsystems,10
Arttroop,10
Artvisual Comunicacion Digital,16
Artwardly,10
Artwedding,10
ArtworkHeroes,10
Artyco Customer Database Marketing,14
Aruba Networks,5
Arubixs,10
Arun Associates,10
Arun Carbide Tools,10
Aruspex,12
Aruvil International,7
Arvicon International,10
Arvixe,10
ArxGuardian,7
Arxspan,4
Arxxus,7
AryaBall,10
Aryaka Networks,7
Aryama Impex,10
Aryan Enviro Solutions,10
"As Good As New, LLC",10
As It Is,10
As Posicionamiento Web,1
As Seen on TV Canada,10
As-App,6
AsNog Technologies,7
AsSeenOnAV,10
Asac Communicaciones,10
Asan,7
Asana,10
Asani consulting Pvt Ltd,14
Asankya,0
Asantee Games,2
Asaph,10
"Asbury Remodeling & Construction, LLC",7
Ascend ERP Cloud,7
Ascend Internet Marketing,7
Ascendant Strategy Management Group,10
Ascendify,3
Ascensio System SIA,10
Ascent Business Solutions,7
Ascent Group India Ltd,10
Ascenteq info solutions,7
Ascentis,7
"Ascentive, LLC",7
Ascentn,7
Ascertia,10
Ascot Upholstery,10
Ascribe,10
Asdeq Labs,5
Aseido Consulting,7
Asenit,7
AsesorSeguros,10
Asetek,10
Asgard Intelligence,10
Asgard Systems Incorporated,4
Ash Conversions International,7
Ash Tree Solutions,9
Asha Enterprises,10
Ashe Avenue,10
Ashe Media Holdings,3
Ashes to Ashes Urn Company,10
Asheville Vision Associates,10
Ashford Chroming,10
Ashford Fair,10
Ashima Arts,2
Ashoka Group,10
Ashoka Holidays,10
Ashton Muro Development Corp,10
Ashwin Architects,12
Asia Bali Tour,10
Asia Online,10
Asia Pacific Bullion News,10
Asia Pacific Digital,10
Asia Property Innovation,10
Asia Translate,10
Asia-Euro Holidays Pte Ltd,10
AsiaCalculator,10
AsiaInfo-Linkage,5
AsiaPay Limited,10
AsiaPower Control,10
Asiajin,10
Asial,16
Asian Capture,10
Asian Chair Craft,10
Asian Circuits,10
Asian Efficiency,10
Asian Merchant Groceries & Gourmet Foods,10
Asian Products,7
AsianWeddings,10
Asiance,14
Ask An Addict,3
Ask Auto Ace,1
Ask Dan & Jennifer,3
Ask Datatech India,0
Ask For a Concert,10
Ask The Doctor,3
Ask Ziggy,8
Ask a peer,10
Ask'em,3
Ask4longtermloans,3
Ask500People,10
AskAndBuy,10
AskBenny,17
AskForEducation,17
AskForSchools,17
AskHerFriends,3
AskItOnline,10
AskMDx,3
AskMe Corp,7
AskMeGo,3
AskMeNow,8
AskMyMob,3
AskNshare,10
AskPoodle,7
AskR,3
AskSunday,7
AskTheIntern,17
AskYou,10
AskaTicket,11
Askablogr,3
Askaro,3
Askdeal,10
Askedweb,10
Ask'em,3
Asker,3
Askganesha,10
Askiitians Online IIT JEE Coaching,17
Askinglaw,3
Askives,3
Askless,10
Askmefast,3
Asknative,3
Asktourism,7
Aslpin,10
Asoya- Online Clothing Store for Womens Fashion,10
Asp Advertising & Embroidery,19
Aspect Software,10
Aspedia The Web Company,12
Aspediens,7
Aspen Marketing Services,14
Aspen Systems Direct,10
Aspen Technology Labs,3
Aspen Web Design,12
Asper Media,8
Asperion Group,10
Aspex Solutions,10
Aspindle,10
Aspira Networks,19
AspirantHunt,7
Aspire IT Services,4
AspireHR,7
AspireRankings Solutions,7
Aspiro Funding,17
Aspose,10
Aspyr Media,2
"Asqee, spc",0
Assalam World,12
Assay Depot,10
Assembla,7
Assemblage,10
Assemble Digital,10
Assembly,9
Assess Systems,10
Assessmnet for Graduate Emplyability (AGE),17
Asset Alliance Corporation,10
Asset Bank,10
Asset Mapping,10
AssetGlobe,10
AssetGurus,0
AssetRelay,10
Assetize,19
Assetz Capital,10
Assignify,0
Assignment Support,10
AssignmentPedia,17
Assist Software,7
AssistMyCase,10
AssistNZ,10
Assisted Living Center,10
Assisted Senior Living,10
Assistive Desktop,10
Desk,7
Associated Dental Care,10
Associated Northcliffe Digital,10
Associated Parsers,11
Associated Talents & Allied Services,4
Association HQ,10
Association of African Entrepreneurs,10
Association of Personal Trainers,14
"Association of Scientists, Developers and Faculties",10
Assotech Realty Pvt Limited,10
AssurX,10
Assurance Environmental Inspection Services,10
Assurance Screening,10
AssureDesigns,12
AssureSign,10
AssureSoft,4
Assured Consulting Solutions,7
Assured Fire and Security Ltd,5
Assured Labor,10
Assured Self Storage,10
Asta Publications,10
Astanza Lasers LLC,10
Astaro,5
AsteEvento,10
Asten Technologies Pvt Ltd,10
Aster,10
Aster Data Systems,0
Aster Technologies,3
Astera LED Technology,10
Astera Software,0
Asterisq,0
Asternotes,8
Astia,10
Astina,0
Aston Chase,10
Astor Capital,10
Astorion Tech Support,7
Astound Commerce,7
Astra Communications,10
Astra Info Systems,7
Astral Labs,4
Astral Web,14
Astream,10
Astrid,10
Astro,9
Astro Exhibitions,12
Astro Mover,10
Astro-Vision,17
AstroPay,10
Astrobotic Technology,10
AstroloMe,11
Astrology News,10
AsturTrade,12
Asturias Bathrooms,7
Asturix,10
Astute Hosting,10
Astute Lighting,10
Astute Solutions,7
Asurion,7
Asurrent,10
Asurvest,10
Asus,10
Asuum,15
Asvahosting,12
Asymmetrix Solutions,7
Async Interview,10
Async Technologies,10
Asyncast Corporation,8
Asyncode,8
AsystMe,10
Asyus,7
At The Pool,10
At Yumgo,10
At-Hand Apps,4
AtBizz,3
AtClose,7
AtHoc,5
AtKart,10
AtOrb,3
AtRightPrice,10
AtTask,10
AtYourService,7
Atacatto Fashion Marketplace,10
Atak Advertising & Marketing,14
Atalasoft,4
Atbrox,1
Atcursor,4
Ateamo,2
Atech Logistics,7
Atecresa,7
Atekllc,7
AtelMedia,5
Atela,10
Atelier ID,1
Atelier SEO,1
Aten Software LLC,7
Atende Simples,7
Atenea tech,10
Atheer Labs,10
Athena,9
Athena Archiver,10
Athena Forensics,10
Athenee Palace Hilton Bucharest Hotel,10
Athens Plumbing & Well Service,7
Athentica,17
Athento,10
Athigo,5
Athina Paliada,7
Athleon,10
Athlete Builder,10
Athlete Nation,10
Athletes Care,10
Athletes Global,10
Athletes Live Here,10
Athletes' Performance,10
Athletic Standard,10
Atica,4
Atilekt,10
Atladas Media,14
Atlanta Air Conditioning,10
Atlanta Audio & Automation,5
Atlanta Bonded,7
Atlanta City Mix,10
Atlanta Phone Guru,10
Atlanta Video 360,10
Atlanta Web Solutions,12
AtlanteTrek,14
Atlantic BT,12
Atlantic Center for Plastic & Cosmetic Surgery,10
Atlantic Global,7
Atlantic Metro Communications,7
Atlantic Ocean Realty,10
Atlantic States Entertainment,11
Atlantic Yacht and Ship,7
AtlanticSynapse,10
Atlantik,12
Atlantis,15
Atlantis Technology Solutions,4
Atlantis internacional,8
Atlas ATS,14
Atlas Advisory,7
Atlas Apps,10
Atlas Business Solutions,7
Atlas Capital LLC,7
Atlas Corporate Housing,10
Atlas General LLC,7
Atlas Gold Townships,10
Atlas Invoice,7
Atlas Learning,17
Atlas Oto Kiralama,15
Atlas Payment Processing,7
Atlas Powered,8
Atlas Residential Llc,10
Atlas Spinal Center,10
AtlasCT,4
AtlasFX,10
Atlasa,3
Atlasaur,10
Atlaspost,10
Atlassian,7
Atma Links,3
Atmail,7
Atmel,10
Atmio,8
Atmist,12
Atmo5,2
Atmospheir,10
Atnight,14
Atola Technology,0
Atollon,7
Atom Infotech,10
Atom Split Games,2
AtomPark: Email Marketing Solutions,10
Atomeet,11
Atomia,10
Atomic Axis,10
Atomic Disc,10
Atomic Infotech,0
Atomic Reach,10
Atomic Robot,9
Atomic Tower,0
AtomicPages,12
Atomicsprite,14
Atomkeep,3
Atommica,2
Atomplan,4
Atone Creative,4
Atoolo,10
Atooma,10
Atos Origin,7
Atosho,8
Atossa Genetics,10
Atozus,10
Atractivate,10
Atrak,1
Atrapalo,10
Atresmedia,10
Atreya Ayurvedic Pharmacy,10
AtrilA,5
Atrity Info Solutions,4
Atronic Alarms,5
Attaain,14
Attacat,14
Attachmore,10
Attainix Consulting,10
Attard Abogados,10
Attassa,10
Atteli,7
Attella,5
AttendEase,11
AttendStar,11
Attenda,7
Attendance Online,17
Attendance Softwares India,10
Attender,11
Attendify,6
Attendium,11
Attensity,14
Attenti,7
Attention,14
Attention Sciences,3
Attention Span Media,7
Attica Gambling,2
Atticous,10
Attorney Assisted California Centers,10
Attorney Boost,14
AttorneyFee,10
Attorneys for Tax Relief,10
Attorneys for Tax Relief-Minneapolis,10
Attorneys for Tax Relief-NY,10
Attracs,10
Attract Ventures,2
Attracta,7
Attractionseeker,11
Attractivo Design,12
Attrahent Technologies,12
Attrakt,1
Attrecto Innovations Corp,16
Attribo,10
Attributor,3
Attune,10
Attune University,10
Atwendo,3
Auburn Refinishing,10
Aucfan,0
Auckland Outdoors,10
Auctelia,10
Auction Harmony,11
Auction Junkie,10
Auction Masters,10
AuctionDrop,10
AuctionFlair,10
AuctionPay,11
Auctionata,10
Auctiva,10
Auctomatic,3
Auctori,7
Auctus Technology,1
Audacious Inquiry,10
Audacity Innovative,10
Audacy,14
Audana,7
Audanika,10
Audaster,10
Audax Health Solutions,10
Audemars Piguet Watch,10
Audi Jacksonville,10
AudiaHealth,10
Audibase,10
Audible Coffee,10
Audicus,10
Audience Amp,10
Audience2Media,19
AudienceBloom,7
AudienceRate Ltd,19
AudienceView,10
Audiko,8
Audio Direct,10
Audio Geeks,10
Audio Network,10
Audio Network Australia,10
Audio Visual Equipment Rentals,10
AudioAlly,10
AudioAnywhere,10
AudioCaseFiles,17
AudioCrunch,10
AudioFuel,10
AudioGO UK,10
AudioMicro,10
AudioName,3
AudioPlayce,9
AudioTag,10
Audiofly,12
Audiogalaxy,10
Audiolife,10
Audiomusica,10
Audiosocket,10
Audiowings Ltd,8
Audit International & Legal International,10
Audit777,10
AuditBucket,0
AuditConfirmations,10
AuditMark,5
AuditWare Systems Limited,0
Auditia,5
Audition Free,7
Audition Inside,10
Audition Rush,10
Auditor Training Online,10
Auditude,15
Audium Semiconductor,10
Audna Consulting,10
Audocs,10
Audrey Bethards Hair and Makeup,10
Audyssey,10
Aug Visual,14
Augmedix,10
Augment,9
AugmentWare,4
Augmentation Industries,7
Augmented Pixels CO,10
Augmentra,6
Augumenta,10
Augur,10
Augury Systems,10
Augusoft,17
August,10
Augustine Tours,10
AugustineIdeas,14
Aukendi,10
Aulola,10
Aumcore,14
Auntie's Beads,10
Aural Therapy,10
Aurality,8
Auraslate,10
Aureliant,10
Aurelius Corporate Solutions,7
AureoSoft,4
Aureus Academy,17
Aureus Analytics,0
Auric Systems International,7
Aurigma,4
Auris,3
"Aurnhammer, LLC",8
AuroIN,14
Auromere,10
Auronix,10
Aurora Biofuels,10
Aurora Family Dentistry,10
Aurora Solutions,7
Aurora University Online,17
AuroraFlash,3
Auros,10
Aurumis,10
Aurus IT Solutions,10
Aus-Appliances,10
Ausbuild,14
Auslegal Lawyers,10
Auslogics Software,10
Ausmove,10
Auspient,7
Ausra,10
Aussie,10
Aussie Battery,10
Aussie Gadget,10
Aussie Pythons & Snakes,10
Aussie logos,12
Auster CONSULTORES,10
Austhink Software,10
Austin Childrens Dentistry,10
"Austin Dental Center, PC",10
Austin Diamonds and Jewelry,10
Austin Veterinary Diagnostic Hospital,10
Austin Window Replacement Experts,10
Australasian Training and Education Center,17
Australia Job Line,10
Australia Local Classifieds,15
Australia Post,7
Australia Souvenir Gift Shop,10
Australian Credit and Finance,10
Australian Dictionary,10
Australian Institute of Food Safety,10
Australian Sun Luxuries,10
AustrianEntrepreneurs,7
Auth0,3
Authentic8,5
Authentica Solutions,17
Authenticlick,19
Authenticom,0
Authentise,10
Authentity,10
Authentium,5
Authintic,0
Authix Tecnologies,10
Author-it Software Corporation,10
AuthorBee,10
Peopleclick Authoria,10
Authority SEO,7
AuthorityLabs,7
Authorly,9
Authr,10
Autism Community,10
Autism Expressed,17
Autism Start,10
Auto Accident App,9
Auto Clubs International,10
Auto Electronics Review,10
Auto Glass Authority,10
Auto Grab,10
Auto Keybot,10
Auto Loan USA,10
Auto Mute,10
Auto Parts Network,10
Auto Removals,10
Auto Rentals Kiwi Travel,10
Auto Traders International LTD,10
Auto Truck Depot,10
Auto Truck Group,10
Auto USA,10
Auto Warranty One,7
Auto and Ship,10
AutoAlert Limited,10
AutoAnything,10
AutoBike,10
AutoBudder,10
AutoCAD Drafting India,7
AutoClaims Direct,7
AutoConnected,9
AutoGalaxies at BorSystems,10
AutoGraphics,10
AutoHelix,3
AutoInfoz,10
AutoInq,10
AutoNavi,7
AutoPilot Realty,9
AutoProtect (MBI) Ltd,7
AutoQR,7
AutoQuoted,10
AutoSally,10
AutoScout24,10
AutoStream,3
AutoTechSpecs,14
AutoUpdate+,4
AutoUpdateAPK,4
AutoVirt,0
AutoWorldCar,10
AutoXY,1
AutoZone,10
AutobrokerZ,10
Autobutler,3
Autocenter,10
Autocosta,10
Autocue QTV,10
AutoeBid,10
Autoersatzteile,7
Autoexpress,10
Autofunds,10
Autofusion,10
Autographic Insight,0
Autojockey CRM,10
Autoland,10
Autolog,10
Autology World,17
Automated Business Solutions,7
Automated Fire Escapes,10
Automated Insights,0
Automated Medical Assistant,10
Automated Social Networking,14
Automated parking system,7
Automated-Stores,10
AutomatedGamer,2
Automatic,14
Automatic Backlinks,10
Automatic Driveway Gates,10
Automatic Garage Door,10
Automatic Garage Door Phoenix,10
Automatic Garage Door Portland,7
Automatic Garage Door Repair,10
Automatic Garage Door Sacramento,10
Automatic Garage Doors Las Vegas,10
Automatic Remote Access,7
AutomaticTrans,10
Automating Law,10
Automation & Maintenance,19
Automation Anywhere,0
Automation Business Technologies,7
Automation Centre,7
Automation Design Group,5
Automations Products Group,10
Automattic,10
Automax Styling,10
Automize It,14
Automobile Insurance Source,10
Automonious,10
Automotive Internet Media,10
Automotive News Reader,10
Automotive and Commercial Locksmith,10
Automotix,10
Automsoft,0
Palate Home,10
Autopazar,10
Autoplicity,10
Autoquake,10
Autoreduc,10
Autorent Car Rental,7
Autorgy,10
Autosprite,7
Autotask,7
Autoteiledirekt,10
Autoteknika,10
Autoviva,10
Autriv Software Development,9
Auvik Networks,10
Auxogyn,10
AvaLynn James,11
Avaak,4
Avactis,10
Avado,10
Avagmah Online School,17
AvaiBook,10
Avail Health,10
Availo,10
Avalanche Energy,10
Avalaunch Media,1
Avalio,12
Avaliq,10
Avallon Alliance,2
Avalon,14
Avalon Labs,10
Avalon Marketing,1
Avalon RF,10
Avalon School of Cosmetology,17
Avancar,10
Avance Care,10
Avancert,10
Avangate BV,10
Avanquest Software,4
Avanse Financial Services,17
Avansera,14
Avant Garde Information Solutions,7
Avant Web Solutions,16
AvantLink,10
Avantage,7
Avantair,10
Avante Extremadura,7
Avante Group,7
Avantech Systems Pte Ltd,10
Avantek Software,16
Avanti Interactive,14
Avantia Marketing Solutions,7
Avantica Technologies,4
Avanticontrol,10
Avantrip,7
Avanza Soluciones,12
Avanzis,4
Avanzit,10
Avascope,3
Avatar New York,12
Avatara Services,7
Avatrip,10
Avatron Software,9
Avature,10
Avaya,7
Avazed,10
Avazu Inc,19
Avctoris,12
Avdice,10
AvePoint,10
Avecto,5
Avegant,10
Avekon Software,16
Avenda Systems,5
Avendi,10
Avenger Mobile,9
Avengina,12
Avenir Techno Solutions,4
Aventones,10
Aventura,10
Aventure Events,11
Aventure Host,7
Avenue 32,12
Avenue 5 Media,19
Avenue Code,4
Avenue Design Studios,12
Avenue Right,19
AvenueSocial,4
AvenueSocial MEA,4
AvenueStory,10
Avenues India,7
Aver Informatics,0
Avero,10
Avg-Advertising,10
Avi Glatt,14
AviantLogic,10
Aviary,9
Aviate,9
Aviation and Tech Capital,10
AviationCrossing,3
Avicenna Accounting & Tax Services,7
AvidXchange,10
Avidian Technologies,4
Aviendu,10
Avieon,10
Aviga Systems,8
Avighna SEO Solutions,7
Avigma Technologies,12
Avigna Clinical Research Institute,10
AvilA Solutions,7
AvilaPay,10
Avilean,10
Avimoto,10
Avinash Sales,10
Avio Maps,10
Avionerd,10
Avior Computing,10
Avira,5
Avisena,7
Avistar Communications,10
Aviture,4
Avitus Group,7
Aviva,10
Avizent,14
Avizium,7
Avjobs,4
Avko Labs,16
Avlanche LLC,3
Avnera,4
Avobarks Marstan,3
Avocado Entertainment,2
Avocom,7
Avoka,7
Avolant Dallas Limo & Party Bus,10
Avomeen Analytical Services,7
Avosoft,10
Avrupa Evlilik Sitesi,10
Avtozaper,10
Avtrex,10
Avtron Technologies,10
Avuba,10
Avva Health,10
Avvio,10
Avvo,10
Awalator,10
AwardSpace,7
Aware Corporation,7
AwareBase,10
Awareity,5
Awareness Technologies,5
Away,10
Away Florida,10
AwayFind,9
Awdio,10
Awe Designz,4
AweSweet!,10
Awearables,10
Awedience,14
AwedienceX,10
Awem,2
Awery,5
Awesomatic,10
Awesome Cloud,7
Awesome Inc Productions,11
AwesomeGames,2
AwesomeNYC,12
AwesomeSeating,10
AwesomeTouch,4
Awesomekit,10
Awesomeless,10
Awnings Unlimited,10
Awzpact Technologies &  Services,4
AxBuss Technologies,1
Axa Assitance,10
Axalot,0
Axant,10
Axara Technologies Pvt Ltd,7
Axcient,0
Axeda,7
Axel Springer Digital TV Guide,10
Axelerant,4
Axentra,4
Axero Solutions,10
Axesor Marketing Intelligence,10
Axess,3
Axess Network,10
Axetue,8
Axia Computer Systems,7
Axiatel,10
Axilis,4
Axiogenesis,10
Axiologic SaaS,4
Axiom Audio,10
Axiom EPM,10
Axiom Merchant Marketing,10
Axiom Software,4
Axion (Canada),10
Axis App Platform,8
Axis Bank,10
Axis Media,10
Axis Network Technology,10
Axis Residential Treatment,10
Axis Techno Labs,4
Axis Translations,10
AxisMobile,8
Axle IT,7
Axomic,4
Axonic Informationssysteme,10
Axos soluciones,12
Axpe Consulting,7
Axsiom,10
Axtria,0
AyStack,1
Aya Healthcare,10
Ayalogic,2
Ayanet TIC,7
Ayannah,8
Ayasdi,0
Ayatii,10
Ayax Systems,10
Aycron,10
Ayeah Games,2
Ayehu Software Technologies,7
Ayima,14
Aylis,12
Ayna Corporation,14
Ayo! Social,9
Ayoka Flowers,10
Ayondo,10
Ayrid Web Solutions,12
Ayrmed,10
Ayuda Media Systems,10
Ayush Software,1
Ayushi Travel,10
Ayuve Soluciones Corporativas,12
Azad Painters,10
Azadi,10
Azaleos,7
Azam Marketing,14
Azavea,4
Azendoo,10
Azetti Networks,8
Azimo,8
Azingo,8
Aziphone,9
Aziz Global,10
Azoteq,10
Aztec IP Solutions,10
Aztecsoft,7
Aztek,1
Azteria,10
Azukki,2
Azullo,10
Azunga Marketing,12
Azuqua,7
Azure Promotions,10
Azure Web Design,12
Azuro,10
Azyxxi,0
Azzure IT,7
Clipta,10
Cardcloud,10
UnboundID,3
[x+1],14
a-steroids,2
a1-cbiss,10
a1care,10
a2z,11
aBIZinaBOX,9
aBetterOffice,10
aCremation - Orange,7
aDealio,14
aFrogleap,16
aKa Web Design,12
aKeora,10
aLatte,10
aMarketForce,7
aNEWSme,3
aNewSpring,17
aNooYoo,10
aReputation,3
aRodar Motos,18
aRodar Motos Zanella,18
aSmallWorld,10
aSuiteStay,10
aTurnos,10
aa-battery-charger,10
aaTag,7
aakarsoft technologies,12
aargrassiv Web Agency,12
aaryasys,7
abcdexperts,7
abi Innovation Hub,7
abileapty,7
able2know,3
abledbody,7
abotic,10
aboutLife,10
aboutPLACE,10
abusix,5
accessplanit,4
accountingcrossing,3
accountsIQ,7
accuGPS,10
accumulusplus,10
acens,10
acg audio,10
achtQuark,10
achvr,10
acrossair,9
acruw,10
act digital agency,14
acuere software,7
acumbamail,12
ad pepper media,15
ad2action,10
adBrite,19
adFreeq,15
adHUBS,9
adHub,19
adMarketplace,19
adMingle - Share Your Passion!,19
adMobix,19
adQ Company,19
adRise,9
adaffix,8
adcherry,15
adclassify,3
additude,3
addwish,10
adelrick,10
adeven,19
adfinitum Networks,19
adflyer,10
adiante apps,6
adicate timeads,19
adingo,14
adinotec AG,4
adklip,19
adlib,7
adoleta,10
ador - Australian Dining Out Reviews,10
adoroletuefoto,10
adplann,19
adsglobe,15
adsmobi,8
adsquare,8
adtriboo,12
adusin,3
advertSAFE Limited,10
advertSAFE  Community verified internet users,3
advertool,19
adwebster,19
adworld,12
affiliatemarketingprogramsplus,14
africado,10
ag2i,3
agDirect crossmedia Brazil,0
agardenfloral,10
agentright,10
agile42,10
agreement24 avtal24,14
aheadWorks,10
ahisoft,10
aiHit,10
aiMatch,15
aikme,10
aim-Mobile,16
airXmedia,3
airbug,10
aircases,10
airfy,5
aisle B,12
aisle411,8
aitendant,3
aitipeople limited,7
akcreation,12
akkuswelt,10
aknotec,7
akonter,10
aktech media group,14
alaMaula,3
alaTest,10
aladom,7
alertGPS,10
alex+von,10
alfabet,7
alife studios inc,16
alistcasinogames,2
alitify,10
all140,3
all4rest,10
allMemoirs,9
alldayPA,7
allinonesuppliers,10
allinpackaging,10
allmedic,10
alluc,10
allyoucanstock,10
allyve,14
alphaCloud,2
alphacityguides,10
alpine home repairs,7
alteregoweb,4
alwyn Blog spot,10
amaysim,8
amazingtunes,3
amberSpire,10
amblist,10
amee,0
amerifreight,10
amiando,11
amigura,10
amirafoods,11
amoCRM,10
ampfy,19
amplusnet,4
amucon,10
an expert seo,7
an-e-motion,10
anaXis,10
anayou,7
andPOP,10
andUNITE,1
androidzoom,4
angelMD,10
angineer,1
angivogue,10
animal systems,10
animefusing,10
annot8,19
antaray,10
anydooR,7
anytimetaxicab,7
anywayanyday,3
aon Solutions,4
ap16,4
apartum,1
apexter,10
apiOmat,9
apio,10
apnakoi,3
apomio,10
app2you,4
appFigures,9
appGreetzz,6
appMobi,9
appOptim,19
appWOZ,9
appbackr,6
appendTo,4
appening,11
apphappening,6
applesocial,10
applixya,4
appoi,10
appoint1,10
appsplit,6
appssavvy,19
appstar,6
appster,9
appubator,16
appweevr,10
aqsound,10
archiref,10
archup,10
arcplan Information Services AG,4
arista,10
ariviGo,10
armaans,11
arninfotech,12
aroundtheway,3
artaculous,10
artandseek,10
artaxo,7
artec technologies,4
arteria,16
arth infosoft pvt ltd,17
arthinfotech,1
artizone,7
artnet,10
arvato systems (China),10
arviem AG,7
ascedia,12
ashriwal,3
asiqo,15
asistmi,1
askalo,3
askmarkets,14
at+m Integrated Marketing,14
at-door-shop,10
at4,4
atCollab,4
atHomestars,7
atama,9
atfour,11
athenahealth,7
atico32,7
atizo,14
atlanticOptimize,14
atlantis media,10
atomni,10
atraveo,10
attracTV,7
attune Consulting,10
audioalgorithms,10
audity,10
audriga,0
aupairagency,10
aurumestates,10
authorGEN,17
autociudad,10
avake,3
avanTIC,4
avaplex,12
avocarrot,9
avolution,10
ax6,3
azkmedia,10
